"genus","description_he","description_en","identification_he","identification_en","sources"
"Aegires","Aegires הוא סוג של חשופיות (dorid nudibranchs) ממשפחת Aegiridae. החשופיות בסוג קטנות ומכוסות בבליטות בוהקות, ומתוארות בעיקר מאזורי הודו-פסיפיק הטרופיים והסובטרופיים, אך הסוג מוכר גם מצפון הים. לפי המקורות הן ניזונות מספוגים גירניים.","Aegires is a genus of dorid nudibranchs in the family Aegiridae. The slugs are small and covered with blunt, stalked tubercles; Sea Slug Forum records come mainly from the tropical and subtropical Indo-West Pacific, while the genus is also known from the North Sea region. They are reported to feed on calcareous sponges.","על גב החשופית יש בליטות רבות, קהות ומחוברות בעוקצים (tubercles). ה-rhinophores יוצאים מנדנים גליליים שקצותיהם מעוטרים בבליטות, והזימים, שנראים לעיתים כטבעת קטנה ושקופה של נוצות במרכז הגב, מוגנים על ידי אונות מכוסות בליטות.","The dorsum bears numerous blunt, pedunculate tubercles. The rhinophores emerge from cylindrical sheaths with tubercles around the rims, and the gills, sometimes a small, almost transparent ring of feathery plumes at the centre of the back, are protected by tuberculate lobes.","https://en.wikipedia.org/wiki/Aegires
https://en.wikipedia.org/wiki/Aegiridae
https://ns-mollusca.linnaeus.naturalis.nl/linnaeus_ng/app/views/species/taxon.php?id=120879
https://www.seaslugforum.net/showall/aegivill"
"Aplysia","Aplysia הוא סוג של ארנבי ים (sea hares) ממשפחת Aplysiidae. אלה חשופיות־ים רכות בגודל בינוני עד גדול מאוד, הצבע משתנה בין אפור, ירוק, חום ושחור, והן רעות על אצות באזורים רדודים טרופיים ובחלק מהמינים גם ממוזגים. הסוג נפוץ באוקיינוס ההודי־פסיפי ובאטלנטי ובים התיכון, ומין אחד, A. dactylomela, תועד בים התיכון לראשונה ב-2002 ככל הנראה בעקבות התחממות המים.","Aplysia is a genus of sea hares in the family Aplysiidae. They are soft-bodied, medium to very large sea slugs, coloured from grey and green to brown or black, that graze on algae in shallow tropical and some temperate waters. The genus occurs in the Indo-Pacific and Atlantic and in the Mediterranean; one species, A. dactylomela, was first recorded in the Mediterranean in 2002, probably spreading with warming waters.","לארנבי הים יש גוף רך עם שתי אונות צד (parapodia) המכסות את הגב, קונכייה פנימית דקה ושקופה שנראית דרך פתח במעטפת, ו-rhinophores ארוכים הדומים לאוזני ארנב לצד זוג מחושי פה קצרים. כשמטרידים אותם רבים מהמינים פולטים דיו או הפרשה סגולה. בין המינים יש הבדלים באופן חיבור ה-parapodia בקצה האחורי; ב-A. punctata הן מחוברות מאחור ולכן אינן משמשות לשחייה.","Sea hares have a soft body with a pair of lateral lobes (parapodia) over the back, a thin transparent internal shell visible through an opening in the mantle, and long ear-like rhinophores next to short oral tentacles. Many species release ink or a purple secretion when disturbed. The parapodia differ between species in how they join posteriorly; in A. punctata they are fused at the back, so they are not used for swimming.","https://en.wikipedia.org/wiki/Aplysia
https://en.wikipedia.org/wiki/Aplysia_dactylomela
https://opistobranquis.info/en/guia/aplysiida/aplysia-punctata
https://www.seaslugforum.net/showall/aplydepi"
"Ardeadoris","Ardeadoris הוא סוג של חשופיות ממשפחת Chromodorididae הנפוץ באזור הודו־מערב פסיפיק. המין הטיפוסי, A. egretta, הוא חשופית לבנה יחסית גדולה עם שפה צהובה־כתומה, ובמקורות מוזכרים אורכים של עד כ-12 ס""מ. תזונת הסוג לא נמצאה במקורות שנבדקו.","Ardeadoris is a genus of chromodorid nudibranchs (family Chromodorididae) found in the Indo-West Pacific. The type species, A. egretta, is a relatively large white slug with a yellow-orange border, reaching about 12 cm according to the sources. The diet of the genus was not stated in the sources consulted.","בתיאורי המין הטיפוסי: גוף לבן עם פס לבן אטום ליד שולי המעטפת ושפה כתומה־צהבהבה, שולי מעטפת גליים, rhinophores לבנים שקופים עם קווים לבנים לאורכם וזימים ארוכים ומחודדים המסודרים בקשתות סביב פי הטבעת. זהו אחד ממספר מינים לבנים עם שפה צהובה במשפחה, ולכן ההבחנה מסוגים דומים נעשית לפי הספרות המדעית ולא לפי הצבע בלבד.","In descriptions of the type species: a white body with a broad opaque-white band near the mantle edge and an orange-gold border, a wavy mantle margin, translucent white rhinophores with white longitudinal lines, and long, tapering gills arranged in arcs around the anus. It is one of several white chromodorids with a yellow border, so separation from similar genera relies on the technical literature rather than on colour alone.","https://en.wikipedia.org/wiki/Ardeadoris
https://en.wikipedia.org/wiki/Ardeadoris_egretta
https://en.seaslug.world/species/ardeadoris_egretta
https://seaslugforum.net/find/ardeegre"
"Atagema","Atagema הוא סוג של חשופיות (dorid nudibranchs) ממשפחת Discodorididae. מדובר בחשופיות קטנות עד בינוניות בעלות גוף גבשושי, הניזונות מספוגים. מינים בסוג מוכרים מהודו־מערב פסיפיק (A. intecta) ומהים התיכון ומדרום אפריקה (A. rugosa).","Atagema is a genus of dorid nudibranchs in the family Discodorididae. They are small to medium-sized slugs with a warty body that feed on sponges. Species are known from the Indo-West Pacific (A. intecta) and from the Mediterranean and South Africa (A. rugosa).","בסוג ניכרות בליטות על המעטפת וקו או רכס אורכי באמצע הגב, בין ה-rhinophores לזימים. הזימים קטנים יחסית ומורכבים מנוצות מסועפות. במין A. rugosa מהים התיכון יש גם זוגות כתמים שחורים מאחורי ה-rhinophores ולפני הזימים.","The mantle is warty and a median ridge runs along the back between the rhinophores and the gills. The gills are relatively small and made of branched plumes. In the Mediterranean A. rugosa there are also pairs of black spots behind the rhinophores and in front of the gills.","https://en.wikipedia.org/wiki/Atagema
https://en.wikipedia.org/wiki/Atagema_intecta
https://en.wikipedia.org/wiki/Atagema_rugosa
https://www.seaslugforum.net/showall/atagrugo"
"Bermudella","Bermudella הוא סוג של חשופיות קטנות ממשפחת Goniodorididae, המוכרות מהאדריאטי, מחופי קטלוניה ומהאטלנטי המערבי, ויש בו כמה מינים נוספים המפורטים באתרי תיעוד. הן ניזונות מבריוזואה (bryozoans) מסוג ctenostome, למשל מהסוג Amathia, ונמצאות על מושבותיהם. הערה: סטטוס הסוג ב-WoRMS לא אומת (העמוד לא היה נגיש).","Bermudella is a genus of small nudibranchs in the family Goniodorididae, recorded from the Adriatic, the Catalan coast and the western Atlantic, with several further species listed on photo-documentation sites. They feed on ctenostome bryozoans, for example Amathia, and live on their colonies. Note: the genus status in WoRMS could not be verified (page not accessible).","גוף קומפקטי ומורם עם שולי מעטפת בולטים וצבע שקוף למחצה. לאורך הצדדים יש 5–6 זוגות פפילות ארוכות ועוד כמה פפילות לאורך אמצע הגב. ה-rhinophores בעלי מעט למלות, ומחושי הפה פשוטים ואצבעיים.","A compact, raised, translucent body with a prominent notal border, five to six pairs of elongate lateral papillae plus a few mid-dorsal papillae. The rhinophores have few lamellae, and the oral tentacles are simple and digitiform.","https://nudipixel.net/genus/bermudella
https://opistobranquis.info/en/guia/nudibranchia/doridina/doridoidei/onchidoridoidea/bermudella-polycerelloides/
https://sealifebase.ca/summary/8517"
"Biuve","Biuve הוא סוג חד־מיני ממשפחת Aglajidae (חשופיות ראש־מגן, Cephalaspidea); המין היחיד, Biuve fulvipunctata, הועבר אליו ב-2017 מהסוג Chelidonura. החשופית שחורה או חומה כהה עם נקודות צהבהבות־כתומות, באורך 1–2 ס""מ, פעילה בלילה ויושבת באזורים סלעיים וחוליים עם שאריות אצות עד עומק כ-20 מטר. היא ניזונה מתולעות פוליכטים קטנות ומתולעים שטוחים. המין חדר לים התיכון מאז 1961 ותועד גם בישראל, ובים האדום מ-2005.","Biuve is a monotypic genus in the family Aglajidae (headshield slugs, Cephalaspidea); its only species, Biuve fulvipunctata, was moved there in 2017 from Chelidonura. The slug is black or dark brown with yellowish-orange spots, typically 10-20 mm long, nocturnal, and lives on rocky or sandy bottoms with algal debris down to about 20 m. It feeds on small polychaete worms and flatworms. It has invaded the Mediterranean since 1961, including Israel, and reached the Red Sea in 2005.","גוף מוארך וגלילי עם מגן ראש וגוש קרביים, קונכייה פנימית דקה וצבע בסיס שחור או חום עם ברק כחלחל. סימן אופייני הוא סימן לבן בצורת האות w בקצה הקדמי של הראש וכתם לבן או צהבהב בצורת סהר בקצה האחורי של המגן. בקצה האחורי יש זוג אונות מחודדות, והרגל מתרחבת לאונות צד (parapodia).","An elongate, cylindrical body with a head shield and visceral hump, a thin internal shell, and a black or dark brown base colour with a bluish sheen. A characteristic mark is a white w-shaped patch at the front edge of the head and a white or pale yellow crescent at the rear of the shield. The posterior end has a pair of tapering lobes, and the foot is expanded into lateral parapodia.","https://en.wikipedia.org/wiki/Biuve
https://en.wikipedia.org/wiki/Biuve_fulvipunctata"
"Bornella","Bornella הוא סוג של חשופיות ממשפחת Bornellidae (קבוצת ה-dendronotids). הסוג נפוץ בעיקר באזור הודו־מערב פסיפיק, עם מין אחד באוקיינוס השקט המזרחי הטרופי ומין אחד באטלנטי המערבי. החשופיות ניזונות מהידרואידים ורבות מהן יכולות לשחות כשמטרידים אותן.","Bornella is a genus of dendronotid nudibranchs in the family Bornellidae. It occurs mainly in the Indo-West Pacific, with one species in the tropical eastern Pacific and one in the western Atlantic. The slugs feed on hydroids, and many can swim when disturbed.","הגוף צר ומוארך, ולאורכו 4–6 זוגות בליטות צדדיות דמויות cerata בעלות ענפים אצבעיים, ועל כל אחת זימים נוצתיים בצד הפנימי. ה-rhinophores יושבים בנדנים שבשוליהם פפילות ארוכות, והראש מעוגל עם מחושים משני צדי הפה.","The body is narrow and elongate, with four to six pairs of dorsolateral cerata-like projections with finger-like branches, each carrying a feathery gill on its inner side. The rhinophores sit in sheaths with elongate papillae along their edges, and the rounded head bears tentacles on each side of the mouth.","https://en.wikipedia.org/wiki/Bornella
https://seaslugsofhawaii.com/general/bornellidae.html
https://www.seaslugforum.net/find/22194"
"Cabangus","Cabangus הוא סוג קטן של חשופיות ממשפחת Dendronotidae, שהוקם ב-2021 עבור מינים שהוחזקו קודם בסוג Dendronotus (C. noahi ו-C. regius). המינים מוכרים מאינדונזיה, מהפיליפינים ומסבאח באזור הודו־פסיפיק הטרופי, ואורכם עד כ-3 ס""מ. לא נמצא מידע מבוסס על תזונת הסוג.","Cabangus is a small genus of dendronotid nudibranchs in the family Dendronotidae, established in 2021 for species formerly placed in Dendronotus (C. noahi and C. regius). The species are known from Indonesia, the Philippines and Sabah in the tropical Indo-Pacific and reach about 3 cm. No reliable information on the diet of the genus was found.","שם הסוג נגזר מהמילה האינדונזית cabang, ענף, בשל הבליטות הצדיות המסועפות על הגב. ב-C. regius יש ארבעה זוגות בליטות כאלה עם קצוות חומים דמויי עץ, וענפים דומים גם על שולי הראש הקדמיים ועל נדני ה-rhinophores, וראשי ה-rhinophores בעלי למלות כתומות בוהקות.","The genus name comes from the Indonesian cabang, branch, referring to the branched dorsolateral appendages. In C. regius there are four pairs of such appendages with tree-like brown tips, similar branching on the front margin of the head and on the rhinophore sheaths, and bright orange lamellate rhinophore clubs.","https://en.wikipedia.org/wiki/Cabangus
https://en.wikipedia.org/wiki/Cabangus_regius
https://en.seaslug.world/species/cabangus_regius
https://nudipixel.net/species/cabangus_noahi"
"Cadlinella","Cadlinella הוא סוג קטן של חשופיות ממשפחת Chromodorididae הנפוץ באזור הודו־מערב פסיפיק; לפי ויקיפדיה שלושה מינים מוכרים כיום. המין C. ornatissima מוכר מהים האדום ועד יפן, ומתועד כניזון מספוגים (Halisarca metabola), בעומק של אינטרטיידל עד כ-20 מטר ובגודל של 2–3 ס""מ.","Cadlinella is a small genus of chromodorid nudibranchs (family Chromodorididae) found in the Indo-West Pacific; Wikipedia lists three currently recognised species. C. ornatissima ranges from the Red Sea to Japan and is documented feeding on sponges (Halisarca metabola), from the intertidal to about 20 m, at roughly 2-3 cm.","חשופית קטנה שגבה מכוסה בליטות עם קצות ורודים, עם rhinophores לבנים וארוכים בולטים וזימים קטנים מאוד. בתוך המעטפת יש בלוטות אופייניות, בהן בלוטות בודדות בצורת בקבוק ובלוטות מורכבות בשולי המעטפת.","A small dorid whose back is covered with pink-tipped tubercles, with conspicuous long white rhinophores and very small gills. The mantle contains a characteristic pattern of single-celled, flask-shaped and compound mantle glands.","https://en.wikipedia.org/wiki/Cadlinella
https://www.seaslugforum.net/find/cadlorna
https://www.surg.org.au/species/cadlinella-ornatissima-risbec-1928/"
"Caloria","Caloria הוא סוג של חשופיות מסוג aeolid ממשפחת Facelinidae. הוא כולל את C. elegans, המוכר מהאטלנטי האירופי ומהים התיכון, ואת C. indica, מין הודו־פסיפי שהגיע לים התיכון דרך תעלת סואץ ותועד שם רק בשנת 1986 סמוך לאשקלון. החשופיות ניזונות מהידרואידים.","Caloria is a genus of aeolid nudibranchs in the family Facelinidae. It includes C. elegans, known from the European Atlantic and the Mediterranean, and C. indica, an Indo-Pacific species that reached the Mediterranean via the Suez Canal and was recorded there only in 1986 near Ashqelon, Israel. The slugs feed on hydroids.","בשני המינים הגוף צר ומוארך עם זנב מחודד, הבליטות הדמויות לאצבע (cerata) מסודרות בקבוצות לאורך הצדדים (6–8 קבוצות), ה-rhinophores חלקים ומחושי הפה ארוכים. ב-C. elegans הגוף שקוף־לבנבן ובקצה כל cerata כתם כהה; ב-C. indica הראש כתום עם פסים לבנים והcerata בעלות פסים צבעוניים (אדום, כתום, כחול וצהוב).","In both species the body is narrow with a pointed tail, the finger-like cerata are arranged in groups along the sides (six to eight groups), the rhinophores are smooth and the oral tentacles are long. In C. elegans the body is translucent whitish with a dark spot near each ceras tip; in C. indica the head is orange with white streaks and the cerata are banded in red, orange, blue and yellow.","https://en.wikipedia.org/wiki/Caloria
https://opistobranquis.info/en/guia/nudibranchia/aeolidioidea/facelinidae/caloria-elegans/
https://www.ciesm.org/atlas/Caloriaindica.html"
"Chelidonura","Chelidonura הוא סוג של חשופיות ראש־מגן (Cephalaspidea) ממשפחת Aglajidae. אלה חשופיות קטנות, לעיתים צבעוניות, המוכרות בעיקר מאזור האוקיינוס השקט המערבי הטרופי והסובטרופי, על שונית, בין אלמוגים רכים, ספוגים ואצות, מהאינטרטיידל ועד כ-15 מטר. הן טורפות, ניזונות מתולעים שטוחים קטנים ואינן בעלות radula. בעקבות מחקר מולקולרי הוצא ממנו ב-2017 המין שהפך ל-Biuve fulvipunctata.","Chelidonura is a genus of headshield slugs (Cephalaspidea) in the family Aglajidae. They are small, sometimes colourful slugs known mainly from the tropical and subtropical western Pacific, on reefs among soft corals, sponges and algae from the intertidal to about 15 m. They are carnivores that feed on small flatworms and lack a radula. After molecular work, a species formerly in this genus was moved in 2017 to Biuve (B. fulvipunctata).","הסימן המזהה העיקרי הוא זוג ""זנבות"" בקצה האחורי: המגן האחורי מתפצל לשתי אונות, כשהשמאלית ארוכה מהימנית. מגן הראש מתחדד לנקודה מעוגלת מאחור, ה-parapodia גדולות וחופפות חלקית על הגוף. צבע הגוף נוטה לשחור־סגלגל עם נקודות לבנות ופס לבן רחב בקדמת מגן הראש (לפי תיאור של מין אחד).","The main diagnostic feature is a pair of tail-like lobes at the rear: the posterior shield splits into two lobes, the left longer than the right. The head shield tapers to a rounded point behind, and the parapodia are large and partly enclose the body. The body is often purplish-black with white dots and a broad white band across the front of the head shield (as described for one species).","https://en.wikipedia.org/wiki/Chelidonura
https://www.seaslugforum.net/showall/chelinor
https://en.wikipedia.org/wiki/Biuve_fulvipunctata"
"Chromodoris","Chromodoris הוא סוג הטיפוס של משפחת Chromodorididae: חשופיות צבעוניות המוכרות משוניות טרופיות וסובטרופיות, בעיקר מהאוקיינוס ההודי והשקט, כולל הים האדום (למשל C. quadricolor). הן ניזונות מספוגים מסוימים וצוברות את החומרים הכימיים שלהם להגנה. בעקבות מחקר מ-2018 הסוג הצטמצם לכ-22 מינים, וחלק גדול מהמינים שנכללו בו בעבר הועברו לסוג Goniobranchus.","Chromodoris is the type genus of the family Chromodorididae: colourful nudibranchs of tropical and subtropical reefs, mainly in the Indian and Pacific Oceans, including the Red Sea (for example C. quadricolor). They feed on particular sponges and sequester their chemicals for defence. After a 2018 study the genus was narrowed to about 22 species, and many species formerly placed in it were transferred to Goniobranchus.","אלה חשופיות עם מעטפת עבה, לעיתים עם בליטות, ובמינים אופייניים של הסוג יש קווים שחורים לאורך המעטפת ושפה בצבע בוהק. הזימים הנוצתיים והמלווים בצבע דומה מסודרים סביב פי הטבעת. בגלל הצמצום של הסוג ב-2018, זיהוי של מינים חדשים או ישנים דורש בדיקה בספרות העדכנית.","These are slugs with a thick mantle, sometimes bearing tubercles, and the characteristic species of the genus show black longitudinal lines on the mantle and a brightly coloured border. Feathery gills are arranged around the anus. Because the genus was narrowed in 2018, identifying new or older species requires checking the recent literature.","https://en.wikipedia.org/wiki/Chromodoris
https://www.seaslugforum.net/showall/chroquad
https://www.seaslugforum.net/showall/chroanna"
"Coryphellina","Coryphellina הוא סוג של חשופיות aeolid ממשפחת Flabellinidae, הנפוצות באזור הודו־מערב פסיפיק והים האדום. המין הטיפוסי, C. rubrolineata, תואר מהים האדום, ניזון מהידרואידים ומדווח גם בים התיכון כמהגר; לפי מחקר מ-2022 מה שהיה נחשב למין אחד נפוץ הוא למעשה מספר מינים נפרדים. בעבר סווג המין בסוג Flabellina.","Coryphellina is a genus of aeolid nudibranchs in the family Flabellinidae, found in the Indo-West Pacific and the Red Sea. The type species, C. rubrolineata, was described from the Red Sea, feeds on hydroids and is reported as a migrant in the Mediterranean; a 2022 study showed that what had been treated as one widespread species is actually several separate species. It was formerly placed in Flabellina.","הגוף צר, וכבר בסוג רכס הגב (notal ridge) מצומצם ולא רציף ומחולק לכמה חלקים לא ברורים. ה-cerata יושבות על גבשושיות נמוכות בכמה קבוצות, וה-rhinophores מכוסים בפפילות צפופות. ב-C. rubrolineata יש זנב מחודד ומחושי פה דקים, ארוכים מה-rhinophores.","The body is narrow, the notal ridge is reduced, discontinuous and broken into several indistinct pieces, the cerata sit on low elevations in several groups, and the rhinophores are densely papillate. In C. rubrolineata there is a pointed tail and thin oral tentacles longer than the rhinophores.","https://en.wikipedia.org/wiki/Coryphellina
https://en.wikipedia.org/wiki/Coryphellina_rubrolineata
https://www.mdpi.com/1424-2818/14/4/294/xml"
"Costasiella","Costasiella הוא סוג של סקוגלוסאנים (Sacoglossa) ממשפחת Costasiellidae, שבלולי ים זעירים (כ-2–13 מ""מ) שאינם חשופיות אמיתיות. הם ניזונים מאצות ירוקות כמו Vaucheria ו-Avrainvillea ומחזיקים את הכלורופלסטים שלהן, ונמצאים בחופים רדודים בעיקר בפסיפיק המערבי הטרופי והסובטרופי וגם באטלנטי הטרופי (C. ocellifera). לפי ויקיפדיה כ-17 מינים.","Costasiella is a genus of sacoglossan sea slugs in the family Costasiellidae: tiny slugs (about 2-13 mm) that are not true nudibranchs. They feed on green algae such as Vaucheria and Avrainvillea and retain their chloroplasts, and live in shallow areas mainly of the tropical and subtropical western Pacific and also the tropical Atlantic (C. ocellifera). Wikipedia lists about 17 species.","הגוף זעיר עם cerata מסודרות בשורות אלכסוניות, ובדרך כלל ה-rhinophores פשוטים וחלקים עם קצה קהה. פינות הרגל הקדמיות מעוגלות ודמויות מחושים. צבע ה-cerata ירוק לרוב עם קצוות לבנים, וצבעי הראש וה-rhinophores משתנים בין המינים (ב-C. kuroshimae: פס כהה על הראש ו-rhinophores עם קצה שחור).","The body is tiny with cerata arranged in diagonal rows; the rhinophores are usually simple and smooth with dull tips, and the front foot corners are rounded and tentacle-like. The cerata are often green with white tips, and head and rhinophore colours vary between species (in C. kuroshimae a dark head stripe and black-tipped rhinophores).","https://en.wikipedia.org/wiki/Costasiella
https://en.wikipedia.org/wiki/Costasiella_ocellifera
https://www.seaslugforum.net/showall/costkuro"
"Cratena","Cratena הוא סוג של חשופיות aeolid ממשפחת Facelinidae (תת־משפחה Crateninae). החשופיות בגודל בינוני, עד כ-5 ס""מ, ונמצאות בעיקר בים התיכון ובאטלנטי המזרחי החם. הן ניזונות מהידרואידים, למשל Eudendrium, והמין C. peregrina מוכר כמין ים־תיכוני אופייני בעומק 0–5 מטר ומעלה.","Cratena is a genus of aeolid nudibranchs in the family Facelinidae (subfamily Crateninae). The slugs are medium-sized, up to about 5 cm, and occur mainly in the Mediterranean and the warmer eastern Atlantic. They feed on hydroids such as Eudendrium, and C. peregrina is a characteristic Mediterranean species found from about 0-5 m downwards.","הגוף שקוף־לבנבן עם כתם כתום או אדמדם לפני כל rhinophore. ה-rhinophores חלקים עם קצה כתום, ומחושי הפה ארוכים ודקים ולבנים. ה-cerata אצבעיות ומסודרות בשורה קדמית קשתית ושורות נוספות מאחוריה, כשבלוטת העיכול נראית בהן בגוון אדמדם־כתום וקצותיהן לבנים.","The body is translucent whitish with an orange or reddish patch in front of each rhinophore. The rhinophores are smooth with orange tips, and the oral tentacles are long, thin and white. The finger-like cerata are arranged in a curved front row with further rows behind, showing a reddish-orange digestive gland and pale white tips.","https://en.wikipedia.org/wiki/Cratena
https://opistobranquis.info/en/guia/nudibranchia/cladobranchia/aeolidioidea/facelinidae/cratena-peregrina/
https://nudipixel.net/genus/cratena"
"Cyerce","Cyerce הוא סוג של סקוגלוסאנים (Sacoglossa) ממשפחת Caliphyllidae, שבלולי ים ללא קונכייה, המוכרים מאזור הודו־מערב פסיפיק. הם חיים בשוניות רדודות ובחצץ אלמוגי ומהאינטרטיידל ועד כ-2 מטר, וניזונים מאצות ירוקות, למשל Chlorodesmis fastigiata באוכלוסיות הפסיפיק.","Cyerce is a genus of sacoglossan sea slugs in the family Caliphyllidae, shell-less slugs known from the Indo-West Pacific. They live on shallow reefs and coral rubble from the intertidal to about 2 m, and feed on green algae, for example Chlorodesmis fastigiata in Pacific populations.","הגוף מכוסה בבליטות שטוחות דמויות עלים (cerata) עם בליטות קטנות בשורות, והן נשמטות בקלות כשמטרידים את החשופית (autotomy) ומתחדשות מהר. רוב המינים בעלי צבעי הסוואה, אך בחלקם יש פסים צהבהבים־כתומים עם שוליים לבנים או שחורים. ביצי הסוג מונחות בשרשרת שטוחה וספירלית, וההפרשות שלהן טעימות פחות לדגים.","The body is covered with flattened leaf-like cerata bearing small raised bumps in rows, which are shed easily when the slug is disturbed (autotomy) and regenerate quickly. Most species are cryptically coloured, but some have orange-yellow bands with white or black margins. The egg masses are flattened spirals, and the slugs produce secretions that make them distasteful to fish.","https://en.wikipedia.org/wiki/Cyerce
https://www.seaslugforum.net/showall/cyernigr"
"Dendrodoris","Dendrodoris הוא סוג של חשופיות (dorid nudibranchs) ממשפחת Dendrodorididae הכולל לפי ויקיפדיה לפחות 40 מינים. אלה חשופיות גדולות, רכות ופעילות בלילה, ללא radula; הן ניזונות מספוגים ומהמיקרואורגניזמים שעליהם בשאיבה. הסוג מוכר מהוואי (הודו־פסיפיק) וגם מהים התיכון, שם D. limbata נפוצה מתחת לאבנים מרדוד עד כ-30–40 מטר.","Dendrodoris is a genus of dorid nudibranchs in the family Dendrodorididae; Wikipedia lists at least 40 species. They are large, soft-bodied, nocturnal slugs that lack a radula and feed by suction on sponges and the microorganisms living on them. The genus is known from Hawaii (Indo-Pacific) and from the Mediterranean, where D. limbata is common under stones from shallow water down to about 30-40 m.","הגוף רך וחסר ספיקולות, בלי radula, ובמינים רבים יש על המעטפת בליטות מורכבות. ה-rhinophores נסוגים אל תוך הגוף, והזימים הם ערוגה של עלי זימים נוצתיים. ב-D. limbata שולי המעטפת גליים וכוללים פס צהוב, והזימים מורכבים משישה עלים תלת־נוצתיים.","The body is soft and lacks spicules, there is no radula, and in many species the mantle bears elaborate tubercles. The rhinophores are retractable and the gills form a rosette of feathery leaves. In D. limbata the mantle edge is wavy with a yellow band, and the gill has six tripinnate leaves.","https://en.wikipedia.org/wiki/Dendrodoris
https://seaslugsofhawaii.com/general/dendrodorididae.html
https://opistobranquis.info/en/guia/nudibranchia/doridina/doridoidei/phyllidioidea/dendrodoris-limbata"
"Dermatobranchus","Dermatobranchus הוא סוג של חשופיות ממשפחת Arminidae (תת־סדרה Cladobranchia) הכולל לפי ויקיפדיה כ-45 מינים. הוא נפוץ באזור הודו־מערב פסיפיק ובשוניות, והחשופיות ניזונות מאלמוגים רכים (octocorals), ובכללם גורגוניות ועטי ים.","Dermatobranchus is a genus of nudibranchs in the family Arminidae (suborder Cladobranchia); Wikipedia lists about 45 species. It is widespread in the Indo-West Pacific on reefs, and the slugs feed on octocorals, including gorgonians (sea fans) and sea pens.","על המעטפת יש רכסים וחריצים אורכיים כמעט מקבילים, לעיתים רכסים לבנים עם קו צהוב באמצע. אין זימים או למלות צד, ה-rhinophores נפוחים עם למלות אנכיות, ולראש מסך פה בשוליים צהובים.","The mantle bears nearly parallel longitudinal ridges and grooves, often white ridges with a median yellow line. There are no lateral lamellae or gills, the rhinophores are bulbous with vertical lamellae, and the oral veil has a bright yellow edge.","https://en.wikipedia.org/wiki/Dermatobranchus
https://www.seaslugforum.net/showall/dermalbu"
"Diniatys","Diniatys הוא סוג של חשופיות קטנות עם קונכייה, על פי Sea Slug Forum ממשפחת Haminoeidae, והוא מוכר מהאוקיינוס השקט המערבי הטרופי. המין D. dentifer (כ-5 מ""מ) חי על ציאנובקטריות, בעיקר Lyngbya majuscula, בשוניות רדודות, והמין D. dubius (כ-1 ס""מ) נמצא על קרקעות חול־בוץ.","Diniatys is a genus of small shelled sea slugs, placed in the family Haminoeidae by the Sea Slug Forum and known from the tropical western Pacific. D. dentifer (about 5 mm) lives on cyanobacteria, mainly Lyngbya majuscula, on shallow reefs, and D. dubius (about 1 cm) occurs on sandy-mud bottoms.","זהו שבלול זעיר עם קונכייה שברירית ושקופה בצורת ביצה, שהספירה שלה כמעט אינה בולטת ומוסתרת בחלקה תחת המעטפת. ב-D. dentifer הגוף חום בגוונים שונים עם פס חום כהה באמצע הראש, ובקונכייה בולטת בליטה דמוית שן על העמודון (columella).","A tiny slug with a fragile, transparent, egg-shaped shell whose spire is barely noticeable and partly hidden beneath the mantle. In D. dentifer the body is brown in various shades with a darker brown band along the midline of the head, and the shell has a tooth-like projection on the columella.","https://www.seaslugforum.net/find/dinident
https://nudipixel.net/genus/diniatys"
"Diversidoris","Diversidoris הוא סוג קטן של חשופיות ממשפחת Chromodorididae הכולל ארבעה מינים לפי ויקיפדיה, שנתמך כקבוצה (clade) בניתוח מולקולרי. המינים מוכרים מהפסיפיק המערבי הטרופי ומדרום אוסטרליה; הם קטנים (עד כ-1.5–5 ס""מ) וניזונים מספוגים צהובים כמו Darwinella ו-Aplysilla sulfurea, שאת צבעם הם מחקים.","Diversidoris is a small genus of chromodorid nudibranchs (family Chromodorididae) with four species listed on Wikipedia, supported as a clade by molecular analysis. The species are known from the tropical western Pacific and southern Australia; they are small (up to about 1.5-5 cm) and feed on yellow sponges such as Darwinella and Aplysilla sulfurea, whose colour they mimic.","גוף צהוב בולט, כולל ה-rhinophores והזימים, ושולי מעטפת עם קו אדום דק או כתמים כתומים (למשל ב-D. flava וב-D. sulphurea). המעטפת מתכווצת באמצע ויוצרת מראה צבוט עם קפלים חצי־קבועים. מכיוון שהצבע מחקה את הספוג, ההבחנה בין המינים קשה.","A vivid yellow body, including the rhinophores and gills, with a thin red line or orange spots along the mantle margin (for example in D. flava and D. sulphurea). The mantle narrows centrally, giving a pinched look with semi-permanent folds. Because the colour mimics the sponge, separating the species is difficult.","https://en.wikipedia.org/wiki/Diversidoris
https://en.wikipedia.org/wiki/Diversidoris_crocea
https://nudipixel.net/genus/diversidoris
https://www.surg.org.au/species/diversidoris-sulphurea-rudman-1986/"
"Doridomorpha","Doridomorpha הוא סוג מקובל של חשופיות (Nudibranchia) במשפחה Doridomorphidae, שמכילה רק סוג זה ומין אחד – Doridomorpha gardineri. זוהי חשופית קטנה (כ-13 מ״מ), בצורת כיפה ובצבע אפור-כחלחל, שחיה ניזונה על האלמוג הכחול Heliopora באזור האינדו-מערב-פסיפי (אתר התיאור: איי המלדיביים). מחקר מ-2020 ממקם אותה ליד Doridoxa ו-Heterodoris (על-משפחה Doridoxoidea) וקרוב למשפחת ה-Arminidae, ולא בין החשופיות הדוריות הטיפוסיות.","Doridomorpha is an accepted nudibranch genus in the family Doridomorphidae, which contains only this genus and a single species, Doridomorpha gardineri. It is a small (about 13 mm), hemispherical, greyish-blue slug that lives and feeds on the blue coral Heliopora in the Indo-West Pacific (type locality: the Maldives). Research from 2020 places it near Doridoxa and Heterodoris (superfamily Doridoxoidea) and close to the Arminidae, rather than among typical dorids.","הגוף בצורת כיפה ובצבע אפור-כחלחל התואם את צבע האלמוג הכחול המארח (Heliopora caerulea), והאורך כ-1.3 ס״מ בלבד. מכיוון שהסוג כולל מין אחד, מציאת חשופית כזו על מושבת Heliopora חיה היא הרמז המעשי העיקרי.","The body is hemispherical and greyish blue, closely matching the host blue coral Heliopora caerulea, and only about 1.3 cm long. Because the genus has a single species, finding such a slug on a living Heliopora colony is the main practical clue.","https://www.marinespecies.org/rest/AphiaRecordsByName/Doridomorpha?like=false&marine_only=true
https://en.wikipedia.org/wiki/Doridomorpha
https://en.seaslug.world/species/doridomorpha_gardineri"
"Doriprismatica","Doriprismatica הוא סוג מקובל של חשופיות דוריות במשפחה Chromodorididae, שהוקם על ידי d'Orbigny ב-1839. מיני הסוג הם תושבי שונית באזור האינדו-מערב-פסיפי הטרופי, כולל הים האדום. המין הידוע ביותר, Doriprismatica atromarginata (בעבר Glossodoris), מגיע לכ-10 ס״מ, ניזון מספוגים ונפוץ בשוניות אלמוג באזור, כולל הים האדום.","Doriprismatica is an accepted genus of dorid nudibranchs in the family Chromodorididae, established by d'Orbigny in 1839. Its species are reef-dwelling slugs of the tropical Indo-West Pacific, including the Red Sea. The best-known species, Doriprismatica atromarginata (formerly placed in Glossodoris), reaches about 10 cm, feeds on sponges and is common on coral reefs across the region, including the Red Sea.","","","https://www.marinespecies.org/rest/AphiaRecordsByName/Doriprismatica?like=false&marine_only=true
https://en.wikipedia.org/wiki/Doriprismatica
https://en.seaslug.world/species/doriprismatica_atromarginata
https://tb.plazi.org/GgServer/xhtml/140387BF486CF00E0D88FB7CFCB4FE54"
"Elysia","Elysia הוא סוג גדול של סקוגלוסנים (Sacoglossa, חלזונות ים ״מוצצי מוהל״) במשפחה Plakobranchidae; הם אינם חשופיות אמיתיות. מדובר בחלזונות ים קטנים, לרוב ירוקים או צבעוניים, הנפוצים בימים רבים בעולם והרועים על אצות. מינים אחדים שומרים בגופם כלורופלסטים חיים מהאצה שבה הם ניזונים (קלפטופלסטיה) ומקבלים אנרגיה נוספת מפוטוסינתזה. Elysia timida, מין ים-תיכוני באורך כ-2 ס״מ, ניזון מהאצה Acetabularia.","Elysia is a large genus of sacoglossans (""sap-sucking"" sea slugs) in the family Plakobranchidae; they are not true nudibranchs. They are small, often green or colourful slugs found in many seas worldwide that graze on algae. Several species keep functional chloroplasts from their food alga alive in their tissues (kleptoplasty) and gain extra energy from photosynthesis. The Mediterranean Elysia timida, about 2 cm long, feeds on the green alga Acetabularia.","מיני Elysia נושאים זוג דשים בשריריים בצדי הגוף (parapodia) המתקפלים מעל הגב כמו כנפיים, ורינופורים (rhinophores) מגולגלים בעלי קצה קטום. על הגב נראית בליטה מעוגלת מעל אזור הלב (renopericardial prominence) עם קווים מסתעפים. שיטתיות הסוג עדיין אינה סגורה, ולכן קשה להפריד בין מינים לפי מאפיינים חיצוניים בלבד.","Elysia species have a pair of fleshy lateral flaps (parapodia) that fold up over the back like wings, and rolled rhinophores with truncated tips. A rounded bump over the heart region (renopericardial prominence) with branching lines is visible on the back. The genus is still not systematically settled, so species are hard to separate on external features alone.","https://www.marinespecies.org/rest/AphiaRecordsByName/Elysia?like=false&marine_only=true
https://en.wikipedia.org/wiki/Elysia_(gastropod)
https://en.seaslug.world/categories/414
https://opistobranquis.info/en/guia/sacoglossa/plakobranchoidea/elysia-timida"
"Eubranchus","Eubranchus (משפחה Eubranchidae) הוא שם סוג מקובל של חשופיות אאוליות (aeolid) קטנות; בעבר שימש לקבוצה גדולה של מינים זעירים, חלקם ניזונים מהידרואידים (למשל E. rustyus הניזון מ-Plumularia ו-Obelia). לפי ויקיפדיה, Korshunova ושות׳ (2025) הגבילו את Eubranchus למין הטיפוס בלבד, Eubranchus tricolor Forbes, 1838, מין אטלנטי, והעבירו מינים רבים לסוגים אחרים. פרטים ים-תיכוניים שזוהו כ-E. tricolor אינם זהים לפרטים האטלנטיים ומסומנים E. cf. tricolor.","Eubranchus (family Eubranchidae) is an accepted genus name for small aeolid nudibranchs; it was long used for a large group of tiny species, some of which feed on hydroids (for example E. rustyus on Plumularia and Obelia). According to Wikipedia, Korshunova et al. (2025) restricted Eubranchus to its type species only, Eubranchus tricolor Forbes, 1838, an Atlantic species, and moved many former members to other genera. Mediterranean animals identified as E. tricolor are not conspecific with Atlantic ones and are listed as E. cf. tricolor.","","","https://www.marinespecies.org/rest/AphiaRecordsByName/Eubranchus?like=false&marine_only=true
https://en.wikipedia.org/wiki/Eubranchus
https://opistobranquis.info/en/guia/nudibranchia/fionoidea/eubranchus-tricolor/
http://www.seaslugforum.net/find/eubrrust"
"Facelina","Facelina (Alder & Hancock, 1855) הוא סוג מקובל של חשופיות אאוליות במשפחה Facelinidae. מדובר בחשופיות דקות גוף עם ציראטה (cerata) מקובצות, המוכרות מצפון-מזרח האטלנטי ומהים התיכון (למשל F. auriculata, F. bostoniensis, F. rubrovittata). F. auriculata ניזון מהידרואידים כגון Obelia ו-Tubularia, ותועד גם אוכל סטארומדוזות, חשופיות אחרות ותולעי פוליכט; F. bostoniensis נמצא על הידרואידים Tubularia ו-Clava. חברי המשפחה צוברים תאי עקיצה מהטרף בכיסי cnidosac בקצות הציראטה.","Facelina (Alder & Hancock, 1855) is an accepted aeolid nudibranch genus in the family Facelinidae. Its species are slender-bodied aeolids with grouped cerata, recorded for example in the north-east Atlantic and the Mediterranean (F. auriculata, F. bostoniensis, F. rubrovittata). F. auriculata feeds on hydroids such as Obelia and Tubularia and has also been recorded eating stalked jellyfish, other nudibranchs and polychaetes, while F. bostoniensis is found on Tubularia and Clava hydroids. Family members store stinging cells from their prey in cnidosacs at the tips of the cerata.","מאפייני הסוג: מחושי פה (oral tentacles) ארוכים וניידים, ורינופורים למלריים (lamellate; לעיתים נדירות מגורדים או חלקים), וציראטה המסודרות באשכולות נפרדים שבכל אחד מהם כמה שורות.","Genus features: long, mobile oral tentacles, rhinophores that are lamellate (rarely tuberculate or smooth), and cerata grouped into distinct clusters, each made up of several rows.","https://www.marinespecies.org/rest/AphiaRecordsByName/Facelina?like=false&marine_only=true
https://ns-mollusca.linnaeus.naturalis.nl/linnaeus_ng/app/views/species/nsr_taxon.php?id=121090
https://opistobranquis.info/en/guia/nudibranchia/aeolidioidea/facelinidae/
https://opistobranquis.info/en/guia/nudibranchia/cladobranchia/aeolidioidea/facelinidae/facelina-auriculata/"
"Favorinus","Favorinus (J. E. Gray, 1850) הוא סוג מקובל של חשופיות אאוליות קטנות במשפחה Facelinidae, הידוע בכך שהוא ניזון מביצים של חלזונות ים אחרים, כולל ארנבי ים וחשופיות (נרשם גם צריכת ביצי Hexabranchus). מינים ידועים מהאטלנטי ומהים התיכון (F. branchialis, F. blianus) ומהאינדו-פסיפי, כולל הים האדום (F. mirabilis). F. branchialis מגיע לכ-2.5 ס״מ, ובקצה כל ציראטה יש כיס עוקצים (cnidosac).","Favorinus (J. E. Gray, 1850) is an accepted genus of small aeolid nudibranchs in the family Facelinidae, known for feeding on the eggs of other sea slugs, including sea hares and nudibranchs (Hexabranchus eggs have also been recorded). Species are known from the Atlantic and Mediterranean (F. branchialis, F. blianus) and from the Indo-Pacific, including the Red Sea (F. mirabilis). F. branchialis grows to about 2.5 cm, and each ceras ends in a cnidosac (stinging-cell sac).","","","https://www.marinespecies.org/rest/AphiaRecordsByName/Favorinus?like=false&marine_only=true
https://www.seaslugforum.net/favobran.htm
https://seaslugforum.net/find/favomira
https://seaslugsofhawaii.com/general/facelinidae.html"
"Glossodoris","Glossodoris (Ehrenberg, 1831) הוא סוג מקובל של חשופיות דוריות צבעוניות במשפחה Chromodorididae, הניזונות מספוגים. רוב המינים הם תושבי שונית באזור האינדו-מערב-פסיפי; חלקם גדולים (G. hikuerensis עולה על 10 ס״מ) וניזונים מספוגי Thorectidae. הגדרת הסוג שונתה בעקבות מחקרי DNA, ומינים רבים שהיו משויכים אליו הועברו לסוגים אחרים (למשל Doriprismatica atromarginata).","Glossodoris (Ehrenberg, 1831) is an accepted genus of colourful dorid nudibranchs in the family Chromodorididae, which feed on sponges. Most species are reef animals of the Indo-West Pacific; some are large (G. hikuerensis exceeds 10 cm) and feed on thorectid sponges. The genus has been redefined by DNA studies, and many species once placed in it have been moved to other genera (for example Doriprismatica atromarginata).","שולי המעטפת מוקפים ברצועה צבעונית בולטת. הזימים מסודרים בקשת ולא במעגל מלא, וקצותיהם מתפתלים פנימה או יוצרים ספירלה משנית, ובמינים גדולים הסידור מורכב יותר. לרינופורים (rhinophores) יש לוחיות רבות.","The mantle border is encircled by a distinct coloured band. The gills form an arch rather than a full circle, with ends that curl inwards or form a secondary spiral, more elaborate in larger species. The rhinophores carry many lamellae.","https://www.marinespecies.org/rest/AphiaRecordsByName/Glossodoris?like=false&marine_only=true
https://en.wikipedia.org/wiki/Glossodoris
https://www.seaslugforum.net/showall/gloshiku
https://en.seaslug.world/species/glossodoris_rufomarginata"
"Goniobranchus","Goniobranchus (Pease, 1866) הוא סוג מקובל של חשופיות דוריות במשפחה Chromodorididae. במשך שנים נחשב מילה נרדפת ל-Chromodoris, וב-2012 הוחזר לשימוש עבור קבוצה שזוהתה במחקר DNA. הוא כולל עשרות מינים צבעוניים הידועים מהאזור האינדו-מערב-פסיפי, כולל אוקיינוס הודי והים האדום (למשל G. geminus, G. reticulatus). כמו שאר הכרומודורידים, הם ניזונים מספוגים.","Goniobranchus (Pease, 1866) is an accepted genus of dorid nudibranchs in the family Chromodorididae. It was long treated as a synonym of Chromodoris and was brought back into use in 2012 for a clade revealed by DNA studies. It includes dozens of colourful species known from the Indo-West Pacific, including the Indian Ocean and the Red Sea (for example G. geminus and G. reticulatus). Like other chromodorids, they feed on sponges.","","","https://www.marinespecies.org/rest/AphiaRecordsByName/Goniobranchus?like=false&marine_only=true
https://en.wikipedia.org/wiki/Goniobranchus
https://en.seaslug.world/species/goniobranchus_geminus
https://en.wikipedia.org/wiki/Chromodorididae"
"Goniodoridella","Goniodoridella (Pruvot-Fol, 1933) הוא סוג מקובל של חשופיות דוריות זעירות במשפחה Goniodorididae. בסוג רשומים שני מינים, ובהם מין הטיפוס Goniodoridella savignyi, שתואר ממפרץ סואץ (הים האדום) ומדווח ברחבי האינדו-מערב-פסיפי הטרופי ותת-טרופי. מחקרים עדכניים מראים שמדובר במורכב של מינים דומים. אורכו כ-3–7 מ״מ בלבד והוא נמצא בעומק 2–15 מטר על סלע, שונית וקרקעות חוליות-סחופות עם ברייוזואה.","Goniodoridella (Pruvot-Fol, 1933) is an accepted genus of minute dorid nudibranchs in the family Goniodorididae. Two species are listed, including the type species Goniodoridella savignyi, described from the Gulf of Suez (Red Sea) and reported across the tropical and subtropical Indo-West Pacific, although recent work shows it is a complex of similar species. It is only about 3-7 mm long and is found at 2-15 m on rock, reef and silty sand with bryozoans.","המידע מבוסס בעיקר על מין הטיפוס G. savignyi: חשופית זעירה, שקופה-לבנה (לעיתים חומה), עם צהוב על הפקעות, על הרינופורים ועל עלי הזימים, ורשת של ספיקולות עדינות במעטפת; שולי המעטפת מוגבהים מעט ויש רכס גבי עד הזימים. מינים קרובים במורכב קשים להבחנה חיצונית וזקוקים לבדיקה אנטומית או גנטית.","Information is based mainly on the type species G. savignyi: a minute, translucent white (sometimes brownish) slug with yellow on the dorsal tubercles, rhinophores and gill leaves, and a network of fine spicules in the mantle; the mantle edge is slightly raised and a dorsal ridge runs to the gills. Close relatives in the species complex are hard to tell apart externally and need anatomical or molecular study.","https://en.wikipedia.org/wiki/Goniodoridella
https://www.seaslugforum.net/showall/gonisavi
https://en.seaslug.world/species/goniodoridella_savignyi"
"Gymnodoris","Gymnodoris (W. Stimpson, 1855) הוא סוג מקובל של חשופיות במשפחה Polyceridae, הנפוץ ברחבי האינדו-מערב-פסיפי. אלה טורפים פעילים הרודפים ואוכלים חשופיות וסקוגלוסנים אחרים (ולעיתים גם בני מינם), ולפחות מין אחד מטפיל על דגי גובי. מחקר פילוגנטי מ-2022 גילה שבסוג יותר מינים ממה שהיה ידוע, ועשרות מינים מתוארים כיום.","Gymnodoris (W. Stimpson, 1855) is an accepted nudibranch genus in the family Polyceridae, found throughout the Indo-West Pacific. They are active predators that chase and eat other nudibranchs and sacoglossans (sometimes their own kind), and at least one species parasitizes goby fish. A 2022 phylogenetic study revealed considerably more species than previously recognized, and dozens of species are now described.","המעטפת מצומצמת ולכן הגוף נראה כמעט ״עירום״. הזימים מסודרים בטבעת או בשורה לאורך הגב, ואין בכך הבחנה טבעית בין קבוצות. הצבע הבסיסי שקוף-לבן או שמנת עם סימנים אדומים, כתומים או צהובים, והגונדה נראית בנפרד מבלוטת העיכול.","The mantle is reduced, so the body looks almost naked. The gills are arranged in a ring or in a line along the back, and this difference does not mark natural groups. The base colour is translucent white or cream with red, orange or yellow markings, and the gonad is visible separately from the digestive gland.","https://www.marinespecies.org/rest/AphiaRecordsByName/Gymnodoris?like=false&marine_only=true
https://en.seaslug.world/categories/531
https://underwaterkwaj.com/nudi/gymnodorids/gymnodorids-thumb.htm"
"Halgerda","Halgerda הוא סוג מקובל של חשופיות דוריות במשפחה Discodorididae (בעבר במשפחה נפרדת, Halgerdidae). המינים תושבי האזור האינדו-מערב-פסיפי הטרופי, מלבד שני מינים במים ממוזגים-חמים של דרום אפריקה ודרום אוסטרליה. אלה חשופיות איטיות החיות חשופות על מדרונות שונית ושברי אלמוג וניזונות מספוגים. עדיין יש מינים רבים שלא תוארו.","Halgerda is an accepted genus of dorid nudibranchs in the family Discodorididae (formerly placed in its own family, Halgerdidae). Species are confined to the tropical Indo-West Pacific, apart from two species in warm temperate waters of South Africa and southern Australia. They are slow-moving slugs that live exposed on reef slopes and rubble and feed on sponges. Many species are probably still undescribed.","הגוף מוצק וגבוה, לרוב לבן או שמנת ושקוף למחצה כמו פורצלן מזוגג. על הגב רשת של רכסים מוגבהים, ובמפגשי הרכסים קוצים חרוטיים שקצותיהם כתומים, צהובים או אדומים. להבחנה בין מינים בודקים את תבנית הרכסים, מספר הקוצים לאורך הרכס, הרווח בין הרכסים והאם שולי המעטפת מפוספסים.","The body is firm and high-backed, usually white or cream and translucent enough to look glazed like porcelain. A network of raised ridges crosses the back, with conical tubercles where ridges meet, tipped in orange, yellow or red. Species are separated by the ridge pattern, the number of tubercles along a ridge, the spacing between ridges and whether the mantle margin is banded.","https://en.wikipedia.org/wiki/Halgerda
https://en.seaslug.world/categories/481"
"Hexabranchus","Hexabranchus (Ehrenberg, 1828) הוא סוג מקובל של חשופיות דוריות, והיחיד במשפחה Hexabranchidae. זוהי אחת החשופיות הגדולות בעולם: ״הרקדנית הספרדית״ (Hexabranchus sanguineus) מגיעה ליותר מ-25 ס״מ, ובים האדום עד כ-40 ס״מ, ונמצאת בים האדום, באוקיינוס ההודי ובפסיפי. היא פעילה בלילה, ניזונה מספוגים ומשתמשת בחומרי הגנה כימיים שמקורם בספוג. כשהיא מופרעת היא פורשת את שולי המעטפת ושוחה בגלים.","Hexabranchus (Ehrenberg, 1828) is an accepted genus of dorid nudibranchs and the only genus in the family Hexabranchidae. It includes some of the largest nudibranchs: the ""Spanish dancer"" (Hexabranchus sanguineus) exceeds 25 cm, up to about 40 cm in the Red Sea, and occurs in the Red Sea, Indian Ocean and Pacific. It is active at night, feeds on sponges and uses chemical defences derived from them. When disturbed it unfurls its mantle edge and swims with undulating movements.","חשופית דורית גדולה מאוד, לרוב אדומה עד אדומה-דם, עם שולי מעטפת מגולגלים ורחבים שנפרשים בשחייה. שישה זימים מסועפים שאינם נסוגים לכיסים מסודרים סביב פי הטבעת, ויש שני מחושי פה שטוחים ובעלי אונות.","A very large dorid, usually red to blood-red, with a wide inrolled mantle edge that is unfurled for swimming. Six branched gills that cannot be retracted into pockets surround the anus, and there are two flattened, lobed oral tentacles.","https://www.marinespecies.org/rest/AphiaRecordsByName/Hexabranchus?like=false&marine_only=true
https://en.wikipedia.org/wiki/Hexabranchus
https://en.wikipedia.org/wiki/Hexabranchus_sanguineus
https://en.seaslug.world/species/hexabranchus_sanguineus
https://seaslugsofhawaii.com/general/hexabranchidae.html"
"Hypselodoris","Hypselodoris (W. Stimpson, 1855) הוא סוג מקובל של חשופיות דוריות צבעוניות במשפחה Chromodorididae. לפי seaslug.world הוא מוגבל לאינדו-פסיפי ולמים ממוזגים סמוכים, והמינים מהאטלנטי, מהפסיפי המזרחי ומהים התיכון הועברו ב-2012 לסוג Felimare. כל המינים ניזונים מספוגי Dysideidae (בהתאם למקור זה), והם נפוצים בשוניות סלע ואלמוג.","Hypselodoris (W. Stimpson, 1855) is an accepted genus of colourful dorid nudibranchs in the family Chromodorididae. According to seaslug.world it is restricted to the Indo-Pacific and adjacent temperate waters, and the Atlantic, eastern Pacific and Mediterranean species were moved in 2012 to the genus Felimare. All members feed on sponges of the family Dysideidae (as stated by that source), and they are common on rocky and coral reefs.","הצבע (לרוב כחול, סגול או לבן עם רינופורים וזימים כתומים-אדומים או סגולים בניגוד) הוא המאפיין הפחות אמין לזיהוי. ההבחנה בין מינים נעשית בעיקר לפי סידור בלוטות המעטפת התת-עוריות לאורך שולי המעטפת ולפי המזון.","Colour (typically blue, purple or white with contrasting red-orange or purple rhinophores and gills) is the least reliable character for identification. Species are mainly separated by the arrangement of the subcutaneous mantle glands around the mantle rim and by diet.","https://www.marinespecies.org/rest/AphiaRecordsByName/Hypselodoris?like=false&marine_only=true
https://en.seaslug.world/categories/492
https://en.wikipedia.org/wiki/Felimare
https://en.wikipedia.org/wiki/Hypselodoris"
"Jorunna","Jorunna (Bergh, 1876) הוא סוג מקובל של חשופיות דוריות במשפחה Discodorididae. המינים מתחפשים לספוגים שהם ניזונים מהם, בעיקר ממשפחת Chalinidae, והסוג נפוץ ברוב הימים החמים והממוזגים. צבעם משתנה מאוד, מקרם חד-גוני ועד מינים מנוקדים כמו Jorunna funebris או ורוד חיוור כמו Jorunna parva.","Jorunna (Bergh, 1876) is an accepted genus of dorid nudibranchs in the family Discodorididae. Its species are usually camouflaged to match the sponges they feed on, especially sponges of the family Chalinidae, and the genus occurs in most warm and temperate seas. Colour varies widely, from plain cream to the spotted Jorunna funebris and the pale pink Jorunna parva.","הגב קטיפתי, מכוסה בצפיפות בקריופילידיה (caryophyllidia) – פפילות זעירות על גבעול, מוקפות ספיקולות וקצה חישה – ולכן נראה כמו לבד. הצבע אינו אמין להפרדת מינים בתוך הסוג.","The back is velvety, densely covered with caryophyllidia (minute stalked papillae ringed with spicules and tipped with a sensory knob), giving a felt-like look. Colour is not a reliable guide to relationships within the genus.","https://www.marinespecies.org/rest/AphiaRecordsByName/Jorunna?like=false&marine_only=true
https://en.wikipedia.org/wiki/Jorunna
https://en.seaslug.world/categories/478"
"Kabeiro","Kabeiro (Shipman & Gosliner, 2015) הוא סוג מקובל של חשופיות דנדרונוטיות (dendronotid) במשפחה Dotidae. הוא כולל שלושה מינים (K. christianae, K. phasmida, K. rubroreticulata) שתוארו מהפיליפינים. K. rubroreticulata נמצא בעומק 1–5 מטר על הידרואידים ממשפחת Campanulariidae הגדלים על עשבי ים, ועד כ-20 מ״מ אורכו.","Kabeiro (Shipman & Gosliner, 2015) is an accepted genus of dendronotid nudibranchs in the family Dotidae. It includes three species (K. christianae, K. phasmida, K. rubroreticulata) described from the Philippines. K. rubroreticulata is found at 1-5 m on campanulariid hydroids growing on seagrass and reaches about 20 mm.","המאפיינים שנקבעו בתיאור הסוג: ציראטה (cerata) ארוכות, פריקרד מוגדל, מערכת רבייה עם בלוטת פין בעלת כיסים ובלוטת עיכול חיצונית דמוית צינור – תכונות שחסרות במיני Doto קצרי הגוף. ב-K. rubroreticulata הציראטה בלתי סדירות, והגוף ונדני הרינופורים מכוסים רשת אדומה דקה.","Features established in the genus description: elongate cerata, an enlarged pericardium, a reproductive system with a pocketed penial gland and an external tube-like digestive gland, all absent from short-bodied Doto species. In K. rubroreticulata the cerata are irregular, and the body and rhinophore sheaths bear a fine red reticulation.","https://www.marinespecies.org/rest/AphiaRecordsByName/Kabeiro?like=false&marine_only=true
https://www.mapress.com/zt/article/view/34574
https://en.wikipedia.org/wiki/Kabeiro_rubroreticulata
https://en.wikipedia.org/wiki/Kabeiro"
"Kaloplocamus","Kaloplocamus (Bergh) הוא סוג מקובל של חשופיות דוריות במשפחה Polyceridae. מין הטיפוס, Kaloplocamus ramosus, תואר מהים התיכון והוא מדווח גם מדרום אפריקה, יפן, אוסטרליה ועוד, בעומק 25–400 מטר; תועד ניזון מקולוניות ברייוזואה מכסות. לפי ויקיפדיה, חלק ממיני הסוג ביו-לומינסנטיים.","Kaloplocamus (Bergh) is an accepted genus of dorid nudibranchs in the family Polyceridae. Its type species, Kaloplocamus ramosus, was described from the Mediterranean and is also reported from South Africa, Japan, Australia and elsewhere, at depths of 25-400 m; it has been found feeding on encrusting bryozoan colonies. According to Wikipedia, some species in the genus are bioluminescent.","K. ramosus חיוור עם גוון ורדרד-אדמדם ונקודות לבנות מוגבהות, עם שורה של פפילות גדולות סביב שולי המעטפת וגם הרבה בליטות מסועפות על הגב (שאפשר להרחיב או לכווץ), ורינופורים פרפוליאטיים (perfoliate) גדולים ורדרדים וזימים מנוקדי אדום. המין אורכו עד כ-10 ס״מ.","K. ramosus is pale with a pinkish-red tinge and raised white spots, with a row of large papillae around the mantle edge and many branched projections on the back that can be extended or retracted, large pinkish perfoliate rhinophores and gills spotted with red. It reaches up to about 10 cm.","https://www.marinespecies.org/rest/AphiaRecordsByName/Kaloplocamus?like=false&marine_only=true
https://en.wikipedia.org/wiki/Kaloplocamus
https://en.wikipedia.org/wiki/Kaloplocamus_ramosus
https://seaslugforum.net/find/kaloramo"
"Marionia","Marionia (Vayssière, 1877) הוא סוג מקובל של חשופיות דנדרונוטיות (dendronotid) במשפחה Tritoniidae. מינים מוכרים מהים התיכון והאטלנטי (Marionia blainvillea, עד 7 ס״מ) ומהאוקיינוס ההודי והים האדום (Marionia levis). הם ניזונים מאלמוגי רך וגורגוניות; M. levis ניזון ממושבות Parerythropodium fulvum ומתחזה לו בצבעו, ו-M. blainvillea ניזון מ-Alcyonium, Eunicella ו-Paramuricea.","Marionia (Vayssière, 1877) is an accepted genus of dendronotid nudibranchs in the family Tritoniidae. Species are known from the Mediterranean and Atlantic (Marionia blainvillea, up to 7 cm) and from the Indian Ocean and Red Sea (Marionia levis). They feed on soft corals and gorgonians; M. levis feeds on Parerythropodium fulvum and matches it in colour, and M. blainvillea feeds on Alcyonium, Eunicella and Paramuricea.","בצידי הגב שורות של זימים מסועפים (במינים ידועים עד 9–12 זוגות), ומעל הראש צעיף פה (oral veil) עם אונות ובליטות אצבעוניות. הרינופורים יושבים בנדנים. הגוף מוארך וצבעו תואם לעיתים את האלמוג שעליו הוא ניזון.","Branched gills form rows along each side of the back (up to 9-12 pairs in the species described), and the head carries an oral veil with lobes and finger-like projections. The rhinophores sit in sheaths. The body is elongate and its colour sometimes matches the coral it feeds on.","https://www.marinespecies.org/rest/AphiaRecordsByName/Marionia?like=false&marine_only=true
https://www.seaslugforum.net/showall/marilevi
https://opistobranquis.info/en/guia/nudibranchia/cladobranchia/tritonioidea/marionia-blainvillea/"
"Martadoris","Martadoris (Willan & Y.-W. Chang, 2017) הוא סוג מקובל של חשופיות דוריות קטנות במשפחה Polyceridae (תת-משפחה Nembrothinae). בסוג חמישה מינים מהמערב-פסיפי, מהים האדום ומהים התיכון, ובהם Martadoris mediterranea, שתואר ב-2015 כ-Tambja mediterranea והועבר לסוג ב-2017. הוא נמצא בעומק 8–60 מטר על קרקעות חוליות עם אצות אדומות, בין עלי Posidonia ועל גורגוניות. אין מידע על מזונו.","Martadoris (Willan & Y.-W. Chang, 2017) is an accepted genus of small dorid nudibranchs in the family Polyceridae (subfamily Nembrothinae). It contains five species from the western Pacific, the Red Sea and the Mediterranean, including Martadoris mediterranea, described in 2015 as Tambja mediterranea and moved to the genus in 2017. It is found at 8-60 m on sandy bottoms with red algae, among Posidonia leaves and on gorgonians. Its diet is not documented.","בדוגמת M. mediterranea: גוף מוארך דמוי שבלול (limaciform) המסתיים בזנב מחודד, אורך עד כ-10 מ״מ, כתום-אדום עם פקעות מעוגלות לבנבנות או צהבהבות על הגב. הרינופורים אדומים כהים עם קצה בהיר ובעלי 15–20 לוחיות ונסוגים לנדנים מוגבהים; שלושה עלי זימים בלתי נסוגים וטריפינאטיים.","In M. mediterranea: an elongate, slug-like (limaciform) body ending in a pointed tail, up to about 10 mm, orange-red with rounded whitish or yellowish tubercles on the back. The rhinophores are dark red with a pale tip, have about 15-20 lamellae and retract into raised sheaths; the gill has three non-retractile tripinnate leaves.","https://www.marinespecies.org/rest/AphiaRecordsByName/Martadoris?like=false&marine_only=true
https://en.wikipedia.org/wiki/Martadoris
https://opistobranquis.info/en/guia/doridida/doridoidei/polyceroidea/martadoris-mediterranea/"
"Melibe","Melibe (Rang, 1829) הוא סוג מקובל של חשופיות במשפחה Tethydidae. אלה חשופיות ללא רדולה, הצדות סרטנים קטנים ברשת – ברדס פה (oral hood) רחב שנפרש כמו רשת ומתכווץ כשחיישניו נוגעים בטרף. חלק מהמינים מכילים אצות סימביוטיות (zooxanthellae). המינים הרבים חיים באזור האינדו-מערב-פסיפי הטרופי, כולל מרבדי עשבי ים. מין אינדו-פסיפי מהקבוצה נכנס דרך תעלת סואץ לים התיכון ותועד ביוון מ-1970.","Melibe (Rang, 1829) is an accepted genus of nudibranchs in the family Tethydidae. These slugs have lost the radula and catch small crustaceans with a broad oral hood that is spread like a net and closes when its sensory papillae touch prey. Some species harbour symbiotic zooxanthellae. Many species live in the tropical Indo-West Pacific, including seagrass beds. A species from the group entered the Mediterranean through the Suez Canal and was first recorded in Greece in 1970.","ברדס הפה (oral hood) מורחב מאוד ומעוטר בזקרים חישתיים, והוא המאפיין הבולט ביותר. לאורך שולי הגב ציראטה גדולות שטוחות דמויות משוט (בפרט עד 10 זוגות ב-Melibe fimbriata), הנשרות בקלות ומתחדשות, ובין הציראטה בליטות מסועפות. הן שוחות בתנועת גוף מצד לצד.","The greatly expanded oral hood fringed with sensory tentacles is the most striking feature. Large, flattened, oar-shaped cerata line the body edge (up to 10 pairs in Melibe fimbriata), shed easily and regrow, and branched appendages cover the back. They swim by bending the body from side to side.","https://www.marinespecies.org/rest/AphiaRecordsByName/Melibe?like=false&marine_only=true
https://www.seaslugforum.net/meliviri.htm
https://www.ciesm.org/atlas/Melibefimbriata.html
https://en.wikipedia.org/wiki/Melibe_viridis"
"Mexichromis","Mexichromis (Bertsch, 1977) הוא סוג מקובל של חשופיות דוריות קטנות במשפחה Chromodorididae (תת-משפחה Miamirinae). לפי seaslug.world בסוג 11 מינים, מין הטיפוס מהפסיפי המזרחי והשאר מהאינדו-פסיפי, והוא קלט את השמות Durvilledoris ו-Pectenodoris. כל המינים ניזונים מספוגי Dysideidae (בהתאם למקור זה).","Mexichromis (Bertsch, 1977) is an accepted genus of small dorid nudibranchs in the family Chromodorididae (subfamily Miamirinae). According to seaslug.world it has 11 species, the type species from the eastern Pacific and the rest from the Indo-Pacific, and it absorbed the names Durvilledoris and Pectenodoris. All members feed on sponges of the family Dysideidae (as stated by that source).","גדלם בדרך כלל עד כ-25 מ״מ. המעטפת סגולה, ורודה או לבנה עם רצועה שולית צהובה או כתומה, ועל הגב פקעות נמוכות מפוזרות או כתמים אטומים. המקור מציין שאין מאפיין פשוט אחד שמבדיל את הסוג משאר הכרומודורידים.","Usually under about 25 mm. The mantle is purple, pink or white with a yellow or orange marginal band, and scattered low tubercles or opaque spots on the back. The source notes that there is no single simple character separating the genus from other chromodorids.","https://www.marinespecies.org/rest/AphiaRecordsByName/Mexichromis?like=false&marine_only=true
https://en.seaslug.world/categories/491
https://en.wikipedia.org/wiki/Chromodorididae"
"Miamira","Miamira היא סוג של חשופיות (nudibranchs) ממשפחת Chromodorididae; לפי WoRMS זהו סוג תקף. מדובר בחשופיות גדולות וצבעוניות יחסית (עד כ-70 מ""מ) החיות באזור האינדו-מערב-פסיפי, ממזרח אפריקה והים האדום ועד יפן ואוסטרליה. ויקיפדיה מונה כשבעה מינים, והסוג הוכר מחדש כתקף (בנפרד מ-Ceratosoma) על סמך ניתוח מולקולרי.","Miamira is a genus of dorid nudibranchs in the family Chromodorididae and is an accepted genus in WoRMS. Its members are fairly large, colourful sea slugs (up to about 70 mm) found in the Indo-West Pacific, from East Africa and the Red Sea to Japan and Australia. Wikipedia lists about seven species, and the genus was re-recognised as valid (separate from Ceratosoma) on the basis of molecular analysis.","גוף שצבע הבסיס שלו משתנה מאוד (סגול, אדום, כחול או ירוק), עם רכס אמצעי מורם לאורך הגב ובליטות לאורכו. סימן מזהה בולט הוא בליטה מוגדלת מיד לפני צרור הזימים. הרינופורים והזימים בגוון כתום-אדמדם.","The body base colour is very variable (purple, red, blue or green), with a raised midline crest and bumps along the back. A characteristic feature is an enlarged bump just in front of the gill plume. The rhinophores and gills are reddish-orange.","https://www.marinespecies.org/rest/AphiaRecordsByName/Miamira?like=false&marine_only=true
https://nudipixel.net/genus/miamira
https://en.wikipedia.org/wiki/Miamira
https://en.wikipedia.org/wiki/Miamira_magnifica"
"Micromelo","Micromelo היא סוג של חילזונות בועה (bubble snails, סדרת Cephalaspidea) ממשפחת Aplustridae, סוג תקף לפי WoRMS. המין הידוע, Micromelo undatus, חי במים רדודים (0-5 מטר) על קרקעית רכה ובין אצות על שוניות סלעיות, ומתועד באוקיינוס ההודי-פסיפי, בקריביים ובאיים באטלנטי. הוא ניזון מתולעים רב-זיפיות מהמשפחה Cirratulidae, ויקיפדיה מונה שני מינים בסוג.","Micromelo is a genus of bubble snails (Cephalaspidea) in the family Aplustridae and is accepted in WoRMS. The best-known species, Micromelo undatus, lives in shallow water (0-5 m) on soft sediment and algal turf on rocky reefs, and is recorded from the Indo-Pacific, the Caribbean and Atlantic islands. It feeds on cirratulid polychaete worms; Wikipedia lists two species in the genus.","במין M. undatus יש קונכייה דקה וקלציפית (12-17 מ""מ) עם קווים חומים גליים וקווים ספיראליים, וגוף גדול וצבעוני בכחול עם כתמים לבנים וקו כחול מטושטש לאורך שולי הרגל.","In M. undatus the thin, calcified shell (12-17 mm) bears undulating brown lines crossed by spiral lines, and the large colourful body is blue with white spots and a diffuse blue line along the foot margin.","https://www.marinespecies.org/rest/AphiaRecordsByName/Micromelo?like=false&marine_only=true
https://en.wikipedia.org/wiki/Micromelo
https://en.wikipedia.org/wiki/Micromelo_undatus"
"Murphydoris","Murphydoris היא סוג של חשופיות זעירות ממשפחת Goniodorididae, תקף לפי WoRMS. מין הטיפוס אורכו כ-5 מ""מ בלבד וחי בסביבות מנגרוב בסינגפור בין מושבות ברייוזואה; מינים לא מתוארים נצפו גם לאורך חופי אוסטרליה. ויקיפדיה מונה חמישה מינים בעלי שם. כשהחיה מאוימת היא משטחת את גופה והספיקולות (spicules) בולטות החוצה, כך שהיא נראית כקיפוד.","Murphydoris is a genus of tiny nudibranchs in the family Goniodorididae and is accepted in WoRMS. The type species is only about 5 mm long and lives in mangroves in Singapore among bryozoan colonies; undescribed species have been seen along the Australian coast. Wikipedia lists five named species. When threatened the animal flattens its body so that spicules project through the body wall, giving it a hedgehog-like look.","גוף זעיר עם מעטפת (mantle) שקופה וחסרת צבע שדרכה נראים האיברים הפנימיים, כתמים אדמדמים-חומים כהים לא סדירים וסימן בצורת פרסה מאחורי הרינופורים. אין זימים סביב פי הטבעת והרינופורים אינם למלריים (non-lamellate).","The body is tiny with a transparent, colourless mantle through which the internal organs show, irregular dark reddish-brown blotches and a horseshoe-shaped mark behind the rhinophores. There are no gills around the anus and the rhinophores are non-lamellate.","https://www.marinespecies.org/rest/AphiaRecordsByName/Murphydoris?like=false&marine_only=true
https://en.wikipedia.org/wiki/Murphydoris
https://nudipixel.net/genus/murphydoris"
"Nembrotha","Nembrotha היא סוג של חשופיות ממשפחת Polyceridae (סוג הטיפוס של תת-המשפחה Nembrothinae), תקף לפי WoRMS. אלו חשופיות גדולות (עד לפחות 50 מ""מ במין N. cristata) החיות על שוניות אלמוגים באזור האינדו-מערב-פסיפי. הן ניזונות מאסקידיות מושבתיות (compound ascidians), וויקיפדיה מציינת כ-14 מינים בסוג.","Nembrotha is a genus of nudibranchs in the family Polyceridae (the type genus of the subfamily Nembrothinae) and is accepted in WoRMS. They are large sea slugs (at least 50 mm in N. cristata) living on coral reefs in the Indo-West Pacific. They feed on compound ascidians, and Wikipedia gives about 14 species in the genus.","גוף עם גבשושיות (tubercles) לאורך הגב, רינופורים וזימים בולטים וצעיף פה (oral veil). במין N. cristata הגוף שחור עם גבשושיות ירוקות, שלושה עלי זימים שאינם נסוגים, וצינורות הרינופורים (rhinophore sheaths) בצבע הגבשושיות.","The body carries tubercles along the back, with prominent rhinophores and gills and an oral veil. In N. cristata the body is black with green tubercles, there are three non-retractile gill leaves, and the rhinophore sheaths match the colour of the tubercles.","https://www.marinespecies.org/rest/AphiaRecordsByName/Nembrotha?like=false&marine_only=true
https://en.wikipedia.org/wiki/Nembrotha
https://en.wikipedia.org/wiki/Nembrotha_cristata
https://nudipixel.net/genus/nembrotha"
"Notarchus","Notarchus הוא סוג של ארנבי ים (sea hares) ממשפחת Aplysiidae, תקף לפי WoRMS. הוא חי במים רדודים באוקיינוס ההודי, באוקיינוס השקט ובים התיכון, והמין N. punctatus מאושר מהים התיכון. הדיאטה משתנה בין המינים (אחד מהם ניזון מהאצה הירוקה Caulerpa), ולפי ויקיפדיה לפחות שני מינים חיים מוכרים, N. indicus ו-N. punctatus.","Notarchus is a genus of sea hares in the family Aplysiidae and is accepted in WoRMS. It lives in shallow water in the Indian Ocean, the Pacific and the Mediterranean, and N. punctatus is confirmed from the Mediterranean. Diet varies between species (one feeds on the green alga Caulerpa), and Wikipedia recognises at least two living species, N. indicus and N. punctatus.","הכנפיים הצדדיות (parapodia) מחוברות כמעט לחלוטין ויוצרות חלל עם פתח קדמי קטן. החיה שואבת מים דרכו ומתיזה אותם מאחור, ובכך בורחת בקפיצות והתהפכויות. אין קונכייה חיצונית.","The parapodia are almost completely fused, forming a cavity with a small anterior opening. The animal sucks water in through it and squirts it out behind, escaping by jet-propelled somersaults. There is no external shell.","https://www.marinespecies.org/rest/AphiaRecordsByName/Notarchus?like=false&marine_only=true
https://en.wikipedia.org/wiki/Notarchus
https://www.seaslugforum.net/find/notapunc"
"Noumeaella","Noumeaella היא סוג של חשופיות מסוג אאוליד (aeolid) ממשפחת Facelinidae, תקף לפי WoRMS. ויקיפדיה מונה לפחות שישה מינים שתוארו בין 1937 ל-1991. המין N. isa זעיר (כ-10 מ""מ) ומתועד באזור האינדו-מערב-פסיפי ממדגסקר ועד יפן וגואם. לא נמצא מידע מבוסס על התזונה.","Noumeaella is a genus of aeolid nudibranchs in the family Facelinidae and is accepted in WoRMS. Wikipedia lists at least six species described between 1937 and 1991. N. isa is tiny (about 10 mm) and is recorded across the Indo-West Pacific from Madagascar to Japan and Guam. No well-sourced diet information was found.","במין N. isa הגוף לבן זגוגי עם קווים לבנים עדינים בראש וכתמים וקווים חיוורים על ה-cerata. הרינופורים לבנים והלמלות (lamellae) מצויות רק בצדם האחורי, וללועניות (oral tentacles) משטח חלק ושקוף עם נקודות לבנות עדינות.","In N. isa the body is glassy white with fine white lines on the head and pale flecks and streaks on the cerata. The rhinophores are white with lamellae only on their posterior surface, and the oral tentacles are smooth and translucent with fine white speckling.","https://www.marinespecies.org/rest/AphiaRecordsByName/Noumeaella?like=false&marine_only=true
https://en.wikipedia.org/wiki/Noumeaella
https://nudipixel.net/species/noumeaella_isa"
"Odontoglaja","Odontoglaja היא סוג של שבלולי ים קטנים ממשפחת Aglajidae (headshield slugs, סדרת Cephalaspidea), תקף לפי WoRMS. המין O. guamensis קטן (כ-8 עד 11.5 מ""מ) וחי במים רדודים, למשל בערוצי סירות ובמפרצים, ברחבי מערב האוקיינוס השקט והאוקיינוס ההודי כולל הים האדום. הוא טורף ניידים הכוללים תולעים רב-זיפיות וחלזונות ים אחרים. ויקיפדיה מונה שני מינים, O. guamensis ו-O. mosaica.","Odontoglaja is a genus of small sea slugs in the family Aglajidae (headshield slugs, Cephalaspidea) and is accepted in WoRMS. O. guamensis is small (about 8 to 11.5 mm) and lives in shallow water, for example boat channels and bays, across the western Pacific and Indian Ocean including the Red Sea. It preys on mobile animals including polychaete worms and other opisthobranchs. Wikipedia lists two species, O. guamensis and O. mosaica.","גוף מוארך מכוסה פוסטולות נמוכות, עם מגן אחורי שיש לו זנב-כמו, בצבע קרם עד ירקרק חיוור עם כתמים חומים כהים ופוסטולות בעלות מרכז ורוד שיוצרות דוגמת מטרה. בניגוד לרוב ה-aglajids, בסוג יש עדיין ראדולה פעילה וקורקבן (gizzard) קטן.","The body is elongate and covered in low pustules, with a posterior shield bearing a tail-like extension, cream to pale green with dark-brown patches and pink-centred pustules forming a target pattern. Unlike most aglajids, the genus retains a working radula and a small gizzard.","https://www.marinespecies.org/rest/AphiaRecordsByName/Odontoglaja?like=false&marine_only=true
https://nudipixel.net/genus/odontoglaja
https://www.seaslugforum.net/showall/odonguam
https://en.wikipedia.org/wiki/Odontoglaja"
"Okenia","Okenia היא סוג של חשופיות (dorid nudibranchs) ממשפחת Goniodorididae, תקף לפי WoRMS. הסוג נפוץ במקומות רבים, כולל האינדו-פסיפי, האטלנטי, הים התיכון ומערב צפון אמריקה, ומונה עשרות מינים. התזונה משתנה בין המינים: למשל O. elegans ממערב הים התיכון ניזונה מאסקידיות (Molgula ו-Ciona), ובדיווחים על מין ים-תיכוני אחר מוזכרים גם גורגוניים וגם ברייוזואה.","Okenia is a genus of dorid nudibranchs in the family Goniodorididae and is accepted in WoRMS. It is widespread, with species in the Indo-Pacific, Atlantic, Mediterranean and the Pacific coast of North America, and includes dozens of species. Diet varies between species: O. elegans from the western Mediterranean feeds on ascidians (Molgula and Ciona), while reports for another Mediterranean species mention both gorgonians and a bryozoan.","גוף רחב יחסית, שבו רכס המעטפת מצומצם מאוד ונושא פפילות מוארכות; פפילות דומות יכולות לצמוח גם מאמצע הגב. צעיף הפה שטוח וללא זרועות (tentacles). הרינופורים והזימים נמצאים על רכס גבי מורם באחד המינים שתוארו.","The body is relatively broad, with a much-reduced mantle ridge that bears elongated papillae; similar papillae may arise from the centre of the back. The oral veil is flattened and has no tentacles. In one of the species described, the rhinophores and gills sit on a raised dorsal ridge.","https://www.marinespecies.org/rest/AphiaRecordsByName/Okenia?like=false&marine_only=true
https://en.wikipedia.org/wiki/Okenia
https://ns-mollusca.linnaeus.naturalis.nl/linnaeus_ng/app/views/species/taxon.php?id=121225
https://www.seaslugforum.net/find/okeneleg
https://nudipixel.net/genus/okenia"
"Pelagella","Pelagella (Gray, 1850) הוא סוג של חשופיות ממשפחת Goniodorididae. הוא הוחזר לתוקף ב-2023, לאחר יותר ממאה שנה שבהן מיניו סווגו תחת Goniodoris, על סמך ניתוח מולקולרי; מין הטיפוס הוא P. castanea. מין זה מתועד בצפון-מזרח האטלנטי ובים התיכון (למשל צרפת ואיטליה), גדל עד כ-40 מ""מ, וידוע כניזון מאסקידיות מושבתיות מהמשפחה Botryllidae. לא נבדק מעמד הסוג ב-WoRMS (הגישה לדף נחסמה).","Pelagella (Gray, 1850) is a genus of nudibranchs in the family Goniodorididae. It was resurrected in 2023, after more than a century with its species placed in Goniodoris, on the basis of molecular analysis; the type species is P. castanea. That species is recorded from the north-east Atlantic and the Mediterranean (for example France and Italy), reaches about 40 mm, and is reported to feed exclusively on colonial tunicates of the family Botryllidae. The genus status could not be checked in WoRMS (page access was blocked).","במין P. castanea הצבע אדום-חום עד חום כהה (לפעמים חום-אפרפר חיוור) עם כתמים וקווים לבנים. קצה המעטפת חד ונושא גבשושיות שוליות; הרינופורים חומים עם סימנים לבנים ו-7 עד 9 למלות, ובסביבת פי הטבעת כשמונה זימים מסועפים. אלו תיאורי המין, לא אפיון כללי של הסוג.","In P. castanea the colour is red-brown to dark brown (sometimes pale greyish-brown) with white spots and fine white lines. The mantle edge is sharply defined with marginal tubercles; the rhinophores are brownish with white markings and 7 to 9 lamellae, and about eight tripinnate gills are arranged around the anus. These are species-level descriptions, not a general diagnosis of the genus.","https://en.seaslug.world/species/383
https://biodiversity.org.au/afd/taxa/Pelagella
https://nudipixel.net/genus/pelagella
https://en.wikipedia.org/wiki/Goniodoris_castanea"
"Phanerophthalmus","Phanerophthalmus הוא סוג של חלזונות בועה (Cephalaspidea) ממשפחת Haminoeidae לפי WoRMS. הם חיים באזור האינדו-מערב-פסיפי הטרופי ואוכלי צמחים: מבנה מערכת העיכול דומה לזה של Haminoea, והמין P. luteus ניזון מדיאטומיאות ומתועד בשוניות, בין הסלעים ובעשבי ים. ויקיפדיה מונה לפחות 17 מינים.","Phanerophthalmus is a genus of bubble snails (Cephalaspidea) in the family Haminoeidae according to WoRMS. They live in the tropical Indo-West Pacific and are herbivorous: the digestive system resembles that of Haminoea, and P. luteus feeds on diatoms and is recorded on rubble, back-reef areas and seagrass beds. Wikipedia lists at least 17 species.","הגוף מוארך וגלילי, בעל מגן ראש קטן שמזכיר את ה-Aglajidae, ובחלקו האחורי פתח נשיפה (exhalant siphon). העיניים השחורות הקטנות נמצאות על פני הראש ורחוקות זו מזו. הקונכייה מוטמעת חלקית ברקמה, דקה, דמוית לוח ופתוחה לגמרי.","The body is elongate and cylindrical with a small headshield that resembles the Aglajidae, and an exhalant siphon at the rear. The small black eyes are on the upper surface of the head and set wide apart. The shell is a thin, wide-open, plate-like structure partly embedded in the mantle tissue.","https://www.marinespecies.org/rest/AphiaRecordsByName/Phanerophthalmus?like=false&marine_only=true
https://en.wikipedia.org/wiki/Phanerophthalmus
https://seaslugforum.net/find/phansmar
https://en.seaslug.world/species/phanerophthalmus_luteus"
"Phestilla","Phestilla היא סוג של חשופיות מסוג אאוליד (aeolid) ממשפחת Trinchesiidae, תקף לפי WoRMS. בניגוד לרוב קרובותיה, הניזונות מהידרואידים, Phestilla ניזונות מאלמוגים קשים, ואצל הבוגרות אין cnidosacs. הסוג מתועד בשוניות אלמוגים טרופיות וסוב-טרופיות, ויקיפדיה מונה כעשרה מינים ומציינת שקיימים מינים שטרם תוארו.","Phestilla is a genus of aeolid nudibranchs in the family Trinchesiidae and is accepted in WoRMS. Unlike most of its relatives, which eat hydroids, Phestilla feeds on hard corals, and adults have no cnidosacs. The genus is recorded from tropical and subtropical coral reef regions; Wikipedia lists about ten species and notes that undescribed species exist.","הסוג מזוהה בעיקר לפי התזונה הייחודית שלו (אלמוגים קשים) ולפי היעדר cnidosacs אצל הבוגרות (תכונה פנימית). לפי תיאור של מין אחד באתר Nudi Pixel, ה-cerata גליליים וערוכים בכשמונה צרורות דמויי מניפה בכל צד, אך זהו תיאור מין ולא אבחנה לסוג.","The genus is mainly recognised by its unusual diet (hard corals) and by the absence of cnidosacs in adults, which is an internal feature. In a Nudi Pixel description of one species the cerata are cylindrical and grouped into about eight fan-shaped clusters on each side, but this is a species-level description, not a genus diagnosis.","https://www.marinespecies.org/rest/AphiaRecordsByName/Phestilla?like=false&marine_only=true
https://en.wikipedia.org/wiki/Phestilla
https://nudipixel.net/genus/phestilla"
"Philinopsis","Philinopsis היא סוג של שבלולי ים ממשפחת Aglajidae (headshield slugs, Cephalaspidea; אינם חשופיות). הם נפוצים באזורים רבים, מהאינדו-פסיפי הטרופי ועד מים אירופיים והקריביים ודרום אפריקה, וחיים לעיתים קרובות כשהם חופרים בחול או בבוץ חולי. ה-Aglajidae הם טורפים; P. speciosa, למשל, אוכלת בעיקר חלזונות אחרים, בלעה בשלמותה בעזרת לוע נשלף. ויקיפדיה מונה כ-16 מינים חיים. סטטוס הסוג ב-WoRMS לא נבדק (הגישה נחסמה).","Philinopsis is a genus of sea slugs in the family Aglajidae (headshield slugs, Cephalaspidea; not nudibranchs). They are found worldwide, from the tropical Indo-Pacific to European waters, the Caribbean and South Africa, and often burrow in sand or sandy mud. Aglajidae are carnivores; P. speciosa, for example, feeds mainly on other gastropods, swallowing them whole with an eversible pharynx. Wikipedia lists about 16 living species. The genus status in WoRMS could not be checked (access was blocked).","מגן ראש גדול, מוארך-אובלי עד משולש, עם אונה בשרנית קמורה מאחוריו, וחלק אחורי קטום עם קצה גלי. פלומת זימים (branchial plume) ממוקמת בקרבת הקצה האחורי ומסתירה קונכייה פנימית. ב-P. speciosa מגן הראש רחב, ריבועי מלפנים ומצטמצם לאחור עד שפופרת זקופה, עם קו כחול דק בשוליים. בסוג שתי קבוצות שנבדלות במבנה ה-buccal bulb.","The head disk is large, oblong-oval to triangular, with a convex fleshy lobe behind it and a truncated rear with a wavy crest. A branchial plume near the posterior end hides an internal shell. In P. speciosa the headshield is broad, squared in front and tapering behind to an upright tube, with a thin blue line at the margin. The genus includes two groups that differ in the structure of the buccal bulb.","https://en.wikipedia.org/wiki/Philinopsis
https://en.wikipedia.org/wiki/Philinopsis_speciosa
https://www.seaslugforum.net/philgard.htm"
"Phyllidia","Phyllidia היא סוג של חשופיות (dorid nudibranchs) ממשפחת Phyllidiidae, תקף לפי WoRMS; מין הטיפוס הוא P. varicosa. הסוג מונה כ-25 מינים חיים לפי ויקיפדיה. משפחת Phyllidiidae נפוצה בעיקר באינדו-פסיפי הטרופי, וחבריה טורפי ספוגים שאין להם ראדולה ולסתות ושואבים את הספוג, וצבעי האזהרה שלהם מסמנים הגנה כימית. P. varicosa גדולה (עד כ-115 מ""מ) ונפוצה באינדו-מערב-פסיפי כולל הים האדום.","Phyllidia is a genus of dorid nudibranchs in the family Phyllidiidae and is accepted in WoRMS; the type species is P. varicosa. Wikipedia gives about 25 living species. The family Phyllidiidae is mainly Indo-Pacific, and its members are sponge predators without a radula or jaws that suck on sponges, with warning colours signalling chemical defence. P. varicosa is large (up to about 115 mm) and widespread in the Indo-West Pacific including the Red Sea.","במשפחה כולה המעטפת שטוחה ואובלית עם גבשושיות קשות, הרינופורים למלריים ונסוגים, והזימים נמצאים בחריץ מתחת למעטפת ולא על הגב. בסוג Phyllidia יש לפי מחקר מולקולרי צבעים בולטים של צהוב או כתום עם שחור ולבן. ב-P. varicosa יש 3 עד 6 רכסים גביים לאורך הגוף עם גבשושיות בקצה צהוב.","Across the family the mantle is flat and oval with hard tubercles, the rhinophores are lamellate and retractable, and the gills sit in a groove under the mantle rather than on the back. A molecular study describes Phyllidia as often bright yellow or orange combined with black and white. In P. varicosa there are 3 to 6 longitudinal tuberculate ridges with yellow-capped tubercles.","https://www.marinespecies.org/rest/AphiaRecordsByName/Phyllidia?like=false&marine_only=true
https://en.wikipedia.org/wiki/Phyllidia
https://en.wikipedia.org/wiki/Phyllidiidae
https://en.wikipedia.org/wiki/Phyllidia_varicosa
https://link.springer.com/article/10.1007/s13127-021-00535-7"
"Phyllidiella","Phyllidiella היא סוג של חשופיות ממשפחת Phyllidiidae; מין הטיפוס הוא P. pustulosa, ולפי ויקיפדיה יש כ-14 מינים חיים. כמו שאר המשפחה הן ניזונות מספוגים. P. pustulosa נפוצה מאוד באינדו-מערב-פסיפי, גדלה עד כ-70 מ""מ, ומחקרים מולקולריים מראים שהיא למעשה קבוצת מינים (species complex). סטטוס הסוג ב-WoRMS לא נבדק (הגישה נחסמה).","Phyllidiella is a genus of nudibranchs in the family Phyllidiidae; the type species is P. pustulosa, and Wikipedia gives about 14 living species. Like the rest of the family they feed on sponges. P. pustulosa is very common in the Indo-West Pacific, reaches about 70 mm, and molecular work shows it is a species complex. The genus status in WoRMS could not be checked (access was blocked).","גוף כהה עם גבשושיות צבעוניות. במין P. pustulosa הגוף שחור עם גבשושיות ורודות, אפורות או ירקרקות חיוורות, שלוש קבוצות אמצעיות של גבשושיות, שפת מעטפת ורודה חיוורת, רינופורים שחורים, ולועניות משולשות רחבות עם קצה שחור. בין המינים בסוג יש הבחנה קשה בגלל מינים סמויים (cryptic).","The body is dark with colourful tubercles. In P. pustulosa the body is black with pink, grey or pale greenish tubercles in three median clusters, a pale pink mantle edge, black rhinophores and broad triangular oral tentacles with black tips. Species within the genus are hard to separate because of cryptic diversity.","https://en.wikipedia.org/wiki/Phyllidiella
https://nudipixel.net/genus/phyllidiella
https://en.wikipedia.org/wiki/Phyllidiella_pustulosa
https://link.springer.com/article/10.1007/s13127-021-00535-7"
"Phyllidiopsis","Phyllidiopsis היא סוג של חשופיות ממשפחת Phyllidiidae, תקף לפי WoRMS (מין הטיפוס P. cardinalis). לפי ויקיפדיה היא מונה כ-30 מינים באינדו-פסיפי הטרופי, בפסיפי המזרחי, בים האדום, בקריביים ובצפון-מערב האטלנטי, וכמחצית מהמינים חיים במים עמוקים, שם הם לבנים וחסרי צבעים מנוגדים. הסוג נמצא בפרפילטיה לפי ניתוח מולקולרי משנת 2003.","Phyllidiopsis is a genus of nudibranchs in the family Phyllidiidae and is accepted in WoRMS (type species P. cardinalis). According to Wikipedia it has about 30 species in the tropical Indo-Pacific, eastern Pacific, Red Sea, Caribbean and northwest Atlantic, and about half of the species live in deep water, where they are white and lack contrasting colours. A 2003 molecular analysis found the genus to be paraphyletic.","הלועניות (oral tentacles) מחוברות זו לזו ויוצרות מבנה מוארך. אצל חלק מהמינים (כפי שמראה Nudi Pixel) הגבשושיות נמוכות ומעוגלות וערוכות בשורות לאורך הגוף, עם פסים כהים צרים ביניהן ורינופורים כהים. מחקר מולקולרי מחלק את הסוג לשתי קבוצות: מינים עם גבשושיות ומינים עם רכסים או גב חלק.","The oral tentacles are fused along their length, forming an oblong structure. In some species (as shown on Nudi Pixel) the tubercles are low and rounded and arranged in lengthwise rows with narrow dark stripes between them and dark rhinophores. A molecular study splits the genus into two groups: tubercular species and species with ridges or a smooth back.","https://www.marinespecies.org/rest/AphiaRecordsByName/Phyllidiopsis?like=false&marine_only=true
https://en.wikipedia.org/wiki/Phyllidiopsis
https://nudipixel.net/genus/phyllidiopsis
https://link.springer.com/article/10.1007/s13127-021-00535-7"
"Phyllodesmium","Phyllodesmium היא סוג של חשופיות מסוג אאוליד ממשפחת Myrrhinidae (לפי WoRMS וויקיפדיה). הן ניזונות אך ורק מאלמוגים רכים (octocorals), ובמיני הסוג מתקיימת הסוואה והתחקות מדהימה אחרי הטרף. חלק מהמינים מחזיקים זואוקסנתלות (zooxanthellae) שנלקחו מהטרף ונהנים מפוטוסינתזה. הסוג חי באינדו-פסיפי הטרופי ובאזורים ממוזגים-חמים ביפן, טסמניה ודרום אפריקה, ויקיפדיה מציינת כ-27 מינים.","Phyllodesmium is a genus of aeolid nudibranchs in the family Myrrhinidae (per WoRMS and Wikipedia). They feed exclusively on octocorals and show remarkable camouflage, closely resembling their prey. Some species keep zooxanthellae taken from the prey and gain nutrition through photosynthesis. The genus occurs in the tropical Indo-Pacific and warm-temperate Japan, Tasmania and South Africa, and Wikipedia gives about 27 species.","ה-cerata דומים בצורתם ובצבעם לזרועות (tentacles) של האלמוג הרך שעליו החיה יושבת, והחיה נשענת על הסוואה ולא על צבעי אזהרה. במין P. briareum יש ארבע קבוצות של cerata דקים בצורת אלה בכל צד, בגוון בהיר עד חום-זית עם סימנים כהים.","The cerata resemble the tentacles of the soft coral the animal sits on in form and colour, and the animal relies on camouflage rather than warning colours. In P. briareum there are four groups of slender, club-shaped cerata along each side, light to olive-brown with darker markings.","https://www.marinespecies.org/rest/AphiaRecordsByName/Phyllodesmium?like=false&marine_only=true
https://en.wikipedia.org/wiki/Phyllodesmium
https://nudipixel.net/genus/phyllodesmium"
"Plakobranchus","Plakobranchus הוא סוג של שבלולי ים מהסדרה Sacoglossa ממשפחת Plakobranchidae (לפי ויקיפדיה; הגישה ל-WoRMS נחסמה). P. ocellatus הוא מין מוכר בצורה נרחבת, חי באינדו-פסיפי במים רדודים ומוגנים עם אבנים, חצץ ובוץ, וניזון מאצות ירוקות כמו Halimeda, Caulerpa ו-Udotea. הוא סופח כלורופלסטים מהאצה (kleptoplasty) ויכול לשרוד תקופות ארוכות ללא אוכל. מחקרים מראים ש-P. ocellatus הוא מורכב של לפחות ארבע שושלות, וויקיפדיה מונה שלושה מינים.","Plakobranchus is a genus of sacoglossan sea slugs in the family Plakobranchidae (according to Wikipedia; WoRMS access was blocked). P. ocellatus is the widely known species, living in the Indo-Pacific in sheltered shallow habitats with stones, gravel and silt and feeding on green algae such as Halimeda, Caulerpa and Udotea. It sequesters chloroplasts from the algae (kleptoplasty) and can survive long periods without food. Research shows P. ocellatus is a complex of at least four clades, and Wikipedia lists three species.","גוף שטוח (עד כ-4 ס""מ) עם ראש מרובע, רינופורים מקופלים ועיניים צמודות הנראות דרך העור השקוף. כשהחיה במנוחה הפרפודיה (parapodia) מקופלות מעל קו האמצע של הגוף. הצבע ירקרק חיוור, בז' או קרם עם כתמי עין (ocelli) גדולים בקרם, חום, ורוד וסגול.","The body is flattened (up to about 4 cm) with a squarish head, folded rhinophores and closely set eyes visible through the translucent skin. At rest the parapodia fold over the midline of the body. The colour is pale green, beige or cream with large ocelli in cream, brown, pink and purple.","https://en.wikipedia.org/wiki/Plakobranchus
https://en.wikipedia.org/wiki/Plakobranchus_ocellatus"
"Pleurobranchus","Pleurobranchus הוא סוג של שבלולי ים ממשפחת Pleurobranchidae (side-gilled slugs), תקף לפי WoRMS. הם נפוצים בים רדוד, מאזור הגאות ועד תת-הגאות, בימים טרופיים וסוב-טרופיים ברחבי העולם. לפי ויקיפדיה (בהתבסס על WoRMS מנובמבר 2021) יש 22 מינים תקפים. P. forskalii חי באינדו-מערב-פסיפי ובים האדום, גדל עד 20-30 ס""מ וניזון מאסקידיות מושבתיות; הוא נתגלה בים התיכון (מפרץ חיפה) ב-1975, ונמצאו שם רק שני פרטים.","Pleurobranchus is a genus of side-gilled slugs in the family Pleurobranchidae and is accepted in WoRMS. They occur in intertidal and shallow subtidal tropical and subtropical seas worldwide. According to Wikipedia (citing WoRMS, November 2021) there are 22 valid species. P. forskalii lives in the Indo-West Pacific and Red Sea, reaches 20-30 cm and feeds on compound ascidians; it was found in the Mediterranean (Haifa Bay) in 1975, with only two specimens recorded there.","סימן ההיכר של הקבוצה הוא זימים גדולים בצד ימין של הגוף (ומכאן השם side-gilled slugs). ב-P. forskalii המעטפת קשה ומכוסה גבשושיות ומכסה את הרגל הרחבה מלבד הזנב, עם עיגולים או מצולעים לבנים או שחורים על הגב.","The defining feature of the group is a large gill on the right side of the body (hence side-gilled slugs). In P. forskalii the mantle is tough and tuberculate and covers the broad foot except for the tail, with opaque white or black circles or polygons on the back.","https://www.marinespecies.org/rest/AphiaRecordsByName/Pleurobranchus?like=false&marine_only=true
https://en.wikipedia.org/wiki/Pleurobranchus
https://www.seaslugforum.net/showall/pleufors
https://www.ciesm.org/atlas/Pleurobranchusforskalii.html"
"Plocamopherus","Plocamopherus היא סוג של חשופיות ממשפחת Polyceridae (תת-משפחה Triophinae, לפי ויקיפדיה; הגישה ל-WoRMS נחסמה). המאפיין המיוחד של הסוג הוא איבר ביו-לומינסנטי בקצה זוג התוספות שמאחורי הזימים. חלק מהמינים פעילים בלילה וחלקם חיים במים עמוקים, והם ניזונים מברייוזואה. ויקיפדיה מונה לפחות 15 מינים. P. tilesii גדל עד כ-10 ס""מ ומתועד באזור האינדו-פסיפי.","Plocamopherus is a genus of nudibranchs in the family Polyceridae (subfamily Triophinae, according to Wikipedia; WoRMS access was blocked). The distinctive feature of the genus is a bioluminescent organ at the tip of the pair of appendages behind the gills. Several species are nocturnal and some live in deep water, and they feed on bryozoans. Wikipedia lists at least 15 species. P. tilesii reaches about 10 cm and is recorded across the Indo-Pacific.","איבר ביו-לומינסנטי כדורי בקצה זוג התוספות שמאחורי הזימים. במין P. tilesii יש שלושה זוגות תוספות מסועפות על הגב לצד זימים מאוגדים לאונות, רינופורים דמויי אלה כהים עם קצה לבן, וצעיף פה מעוגל עם כשני תריסר שלוחות קצרות. כשהחיה מאוימת קצות התוספות מהבהבים באור כחלחל-לבן.","A globular bioluminescent organ sits at the tip of the pair of appendages just behind the gills. In P. tilesii there are three pairs of branching dorsal appendages beside a lobed gill, dark club-shaped rhinophores with white tips, and a rounded oral veil with about two dozen short projections. When threatened the appendage tips flash a bluish-white light.","https://en.wikipedia.org/wiki/Plocamopherus
https://nudipixel.net/genus/plocamopherus
https://nudipixel.net/species/plocamopherus_tilesii"
"Pteraeolidia","Pteraeolidia היא סוג של חשופיות מסוג אאוליד ממשפחת Facelinidae, תקף לפי WoRMS. מדובר בחשופיות מוארכות ושטוחות, בדרך כלל כ-5 ס""מ ולעיתים הרבה יותר, החיות באזור האינדו-פסיפי. הן ניזונות מהידרואידים, שומרות את תאי העקיצה (nematocysts) של הטרף לצורך הגנה, ומחזיקות זואוקסנתלות ב-cerata. עקיצתן כואבת לאדם. ויקיפדיה מונה לפחות שלושה מינים, כאשר P. semperi הוא קומפלקס מינים.","Pteraeolidia is a genus of aeolid nudibranchs in the family Facelinidae and is accepted in WoRMS. They are elongate, flattened sea slugs, usually about 5 cm and sometimes much longer, living in the Indo-Pacific. They feed on hydroids, keep the prey's stinging cells (nematocysts) for defence, and house zooxanthellae in their cerata. Their sting is painful to humans. Wikipedia lists at least three species, and P. semperi is a species complex.","גוף מוארך ושטוח עם צרורות רבות של cerata בשורות לאורך שני צדי הגוף, בתבנית חוזרת מקדימה לאחור שמזכירה נדלית. הצבע הוא אפור-כחול, ירוק וחום, לעיתים סגלגל, ולרוב עם פסים בהירים או כחולים. הרינופורים ארוכים עם רכסים עדינים.","The body is elongate and flattened with many clusters of cerata along both sides in a repeating front-to-back pattern, giving a centipede-like look. Colours range through grey-blue, green and brown, sometimes purplish, often with pale or blue banding. The rhinophores are elongate with fine ridges.","https://www.marinespecies.org/rest/AphiaRecordsByName/Pteraeolidia?like=false&marine_only=true
https://nudipixel.net/genus/pteraeolidia
https://en.wikipedia.org/wiki/Pteraeolidia
https://en.wikipedia.org/wiki/Pteraeolidia_ianthina"
"Rostanga","Rostanga הוא סוג של חשופיות דוריד (dorid) מהמשפחה Discodorididae (חלק מהמקורות עדיין מציבים אותו ב-Dorididae). החשופיות קטנות ואדומות עד ארגמניות, ניזונות מספוגים אדומים מכסים-סלע כמו Microciona ו-Ophlitaspongia. הסוג כולל מינים מחופי האטלנטי של אירופה וצפון אפריקה ומהים התיכון (R. rubra), מהאוקיינוס השקט המזרחי (R. pulchra) ומאזור האינדו-פסיפיק.","Rostanga is a genus of dorid nudibranchs in the family Discodorididae (some sources still place it in Dorididae). The slugs are small and red to scarlet, and they feed on red encrusting sponges such as Microciona and Ophlitaspongia. The genus includes species from the Atlantic coasts of Europe and North Africa and the Mediterranean (R. rubra), from the eastern Pacific (R. pulchra) and from the Indo-Pacific.","חשופית דוריד קטנה ואדומה, שקרני הריחוש (rhinophores) שלה בנויים מלמלות (lamellae) המסודרות אנכית. המינים דומים מאוד למראה החיצוני, ולכן ההפרדה ביניהם נשענת לעיתים על פרטים בקרני הריחוש ובשיני הרדולה (בשיניים החיצוניות יש שני קצוות, bifid). ביצי R. pulchra אדומות בוהק ומונחות בסרט ספירלי.","A small red dorid whose rhinophores have lamellae arranged vertically. The species look very alike externally, so separating them often depends on rhinophore details and on the radula (the outer lateral teeth are bifid). The eggs of R. pulchra are bright red and laid in a coiled ribbon.","https://seaslugforum.net/find/rostpulc
https://seaslugforum.net/find/rostrubr
https://en.wikipedia.org/wiki/Rostanga
https://nudipixel.net/genus/rostanga"
"Sagaminopteron","Sagaminopteron הוא סוג של חשופיות קטנות מהמשפחה Gastropteridae (סדרת Cephalaspidea), הידועות כ""חשופיות כנפי עטלף""; אלה אינן חשופיות אמיתיות (nudibranchs). המינים חיים באזורים טרופיים וחמים של האוקיינוס ההודי והאוקיינוס השקט (למשל S. ornatum מדרום יפן ומחלקים נרחבים של אוסטרליה). מינים אחדים נצפו על ספוגים או ניזונים מהם, אך הדיאטה המדויקת של הסוג אינה ברורה לגמרי.","Sagaminopteron is a genus of small gastropterid sea slugs (family Gastropteridae, order Cephalaspidea), known as bat-wing slugs; they are not true nudibranchs. The species live in tropical and warm waters of the Indian and Pacific Oceans (for example S. ornatum from southern Japan and much of Australia). Several species have been seen on or feeding on sponges, but the exact diet of the genus is not fully clear.","המאפיין הבולט הוא הפרפודיות (parapodia) הגדולות דמויות הכנף, שבעזרתן החשופית יכולה לשחות בנפנוף כשמפריעים לה. S. psychedelicum ירוקה-בהירה עם כתמים טבעתיים צבעוניים; הצבעוניות שונה בין המינים.","The main feature is the greatly enlarged wing-like parapodia, which let the slug swim by flapping when disturbed. S. psychedelicum is pale green with colour-ringed spots; the colour pattern differs between species.","https://seaslugforum.net/find/sagornat
https://en.wikipedia.org/wiki/Gastropteridae
https://nudipixel.net/genus/sagaminopteron"
"Sakuraeolis","Sakuraeolis הוא סוג של חשופיות אאוליד (aeolid) מהמשפחה Facelinidae. המין המוכר ביותר, S. enosimensis, מצפון-מערב האוקיינוס השקט (יפן, קוריאה, סין, הונג קונג) ומוכנס גם למפרץ סן פרנסיסקו. הוא חי על מבנים מכוסי צמיחה כמו מצופים ורציפים ומזין בעיקר ביצורי הידרואיד כמו Ectopleura crocea.","Sakuraeolis is a genus of aeolid nudibranchs in the family Facelinidae. The best-known species, S. enosimensis, is native to the northwest Pacific (Japan, Korea, China, Hong Kong) and has been introduced to San Francisco Bay. It lives on fouled structures such as floats and pier pilings and feeds mainly on hydroids such as Ectopleura crocea.","ב-S. enosimensis הגוף ארוך ודק, בגוון צהוב-שקוף עד כתום-חום, עם קצוות לבנים בקרני הריחוש ובקרטות (cerata), קווים לבנים לאורך מחושי הפה והזנב וכתמים לבנים אטומים על הראש והקרטות. קרני הריחוש חלקות ומתחדדות והמחושים ארוכים. תיאור זה מתייחס למין המוכר ביותר בסוג, ואין בידי מקורות אבחנה חיצונית כללית לכל הסוג.","In S. enosimensis the body is long and slender, translucent yellow to orange-brown, with white-tipped rhinophores and cerata, white lines along the oral tentacles and tail, and opaque white spots on the head and cerata. The rhinophores are smooth and tapering and the oral tentacles are long. This description applies to the best-known species; the sources do not give a general external diagnosis for the whole genus.","https://en.wikipedia.org/wiki/Sakuraeolis
https://en.wikipedia.org/wiki/Sakuraeolis_enosimensis
https://invasions.si.edu/nemesis/species_summary/78710
https://seaslugforum.net/find/sakuenos"
"Samla","Samla הוא סוג של חשופיות אאוליד (aeolid) מהמשפחה Samlidae, משפחה שהוגדרה ב-2017 בעקבות סקירה טקסונומית. הוא כולל את S. bicolor, המדווח כנפוץ באינדו-פסיפיק, ואת S. takashigei מחוף האוקיינוס השקט של הונשו ביפן. המקורות שנבדקו אינם מציינים את תזונת הסוג.","Samla is a genus of aeolid nudibranchs in the family Samlidae, a family established in 2017 through a taxonomic revision. It includes S. bicolor, reported as widely distributed in the Indo-Pacific, and S. takashigei from the Pacific coast of Honshu, Japan. The sources consulted do not state the diet of the genus.","גוף צר, קרטות (cerata) המסודרות בשורות על רכסים מוגבהים בגב, ומחושי פה ארוכים. ב-S. bicolor הגוף שקוף, בקצות מחושי הפה יש צבע לבן, ויש פס כתום ליד קצה קרני הריחוש ועל כל קראטה. ב-S. takashigei קרני הריחוש קצרות וטבעתיות (annulated).","A narrow body, with cerata arranged in rows on raised ridges along the back, and long oral tentacles. In S. bicolor the body is translucent, with white tips on the oral tentacles and an orange band near the tip of the rhinophores and on each ceras. In S. takashigei the rhinophores are short and annulated.","https://en.wikipedia.org/wiki/Samla_(gastropod)
https://en.wikipedia.org/wiki/Samla_bicolor
https://en.seaslug.world/categories/741
https://en.seaslug.world/species/samla_takashigei"
"Siphopteron","Siphopteron הוא סוג של חשופיות זעירות מהמשפחה Gastropteridae (סדרת Cephalaspidea) ואינו שייך לחשופיות האמיתיות. המינים קטנים מאוד, בדרך כלל כמה מילימטרים בלבד, וחיים באזורים טרופיים של האינדו-פסיפיק, למשל S. quadrispinosum שתועד בהוואי, ביפן, בקווינסלנד ובים סוף. הם נמצאים בדרך כלל בשוניות רדודות, ולפי ויקיפדיה נמצאו על אצות וצמחי ים. תזונת S. quadrispinosum אינה ידועה.","Siphopteron is a genus of tiny gastropterid sea slugs (family Gastropteridae, order Cephalaspidea); they are not true nudibranchs. The species are very small, usually only a few millimetres long, and live in tropical Indo-Pacific waters; for example S. quadrispinosum has been recorded from Hawaii, Japan, Queensland and the Red Sea. They are typically found in shallow reef settings, and Wikipedia reports them on macroalgae and seagrasses. The diet of S. quadrispinosum is unknown.","בגוף יש מגן ראש (head shield) עם סיפון קדמי בולט, פרפודיות (parapodia) המתקפלות על הגב, מגן אחורי עם שוטון (flagellum) דק, וזימים גלויים בצד. בסיפון יש רכס. S. quadrispinosum צהוב עם כתום-אדום על הסיפון והשוטון; חלק מהפרטים נעים בקפיצות וחלק חלק.","The body has a head shield with a prominent anterior siphon, parapodia that fold over the back, a posterior shield with a thin flagellum, and a visible gill. The siphon carries a ridge. S. quadrispinosum is yellow with orange-red on the siphon and flagellum; some individuals move jerkily and others smoothly.","https://www.seaslugforum.net/showall/siphquad
https://en.wikipedia.org/wiki/Gastropteridae
https://en.wikipedia.org/wiki/Siphopteron
https://en.seaslug.world/categories/319"
"Stiliger","Stiliger הוא סוג של סקוגלוסנים (Sacoglossa) קטנים מהמשפחה Limapontiidae, שיונקים מוהל מאצות ומזכירים חשופיות אך אינם קרובים אליהן. המין הטיפוסי S. ornatus תואר מים סוף ונמצא גם במוזמביק, ביפן ובשונית המחסום הגדולה, וחי על האצה הירוקה Codium. אורכו כ-10 מ""מ, וחלק מהמינים נראים ירוקים בגלל האצה שהם אוכלים.","Stiliger is a genus of small sacoglossans (sap-sucking sea slugs) in the family Limapontiidae; they resemble nudibranchs but are not closely related to them. The type species S. ornatus was described from the Red Sea and also occurs in Mozambique, Japan and the Great Barrier Reef, living on the green alga Codium. It is about 10 mm long, and some Stiliger species look green because of the algae they eat.","S. ornatus הוא סקוגלוסן זעיר בעל גוף צהוב עם פס כחול-ירוק לאורך הגב, פפילות גב (dorsal papillae) טבעתיות באינדיגו ובקצה צהוב וקרני ריחוש בצורת אלה בצהוב וכחול. המקורות מתארים את הסוג בעיקר דרך מינים בודדים, ולכן הזיהוי ברמת הסוג חלש.","S. ornatus is a tiny sacoglossan with a yellow body and a blue-green stripe along the back, indigo-banded dorsal papillae with yellow tips, and club-shaped rhinophores coloured yellow and blue. The sources describe the genus mainly through single species, so genus-level identification is weak.","https://seaslugforum.net/find/stilorna
https://en.wikipedia.org/wiki/Stiliger
https://nudipixel.net/genus/stiliger"
"Stylocheilus","Stylocheilus הוא סוג של ארנבי ים (sea hares) מהמשפחה Aplysiidae (חלק מהמחברים מציבים אותו ב-Dolabriferidae). ארנבי הים חיים מהאינטרטידל ועד כ-30 מטר, באזורים טרופיים; S. striatus נחשב בעבר לפנטרופי, אך כיום מקובל כי הוא קומפלקס של כמה מינים אלופטריים. הם ניזונים מציאנובקטריות, בעיקר מהסוג Lyngbya, ופולטים דיו סגול כשמפריעים להם.","Stylocheilus is a genus of sea hares in the family Aplysiidae (some authors place it in Dolabriferidae). The animals live from the intertidal down to about 30 m in tropical waters; S. striatus was once considered pantropical, but is now regarded as a complex of several allopatric species. They feed on cyanobacteria, mainly Lyngbya, and release purple ink when disturbed.","ארנב ים קטן ומוארך (גוף דמוי סיגר), באורך 1.5 עד 6.5 ס""מ, בגוון חום-שקוף עם פסים כהים לאורך הגוף וכתמי עין עם מרכז ורוד או כחול. אין קונכייה חיצונית, והגוף מכוסה פפילות פשוטות או מסועפות. יש שני זוגות מחושים, והעיניים בבסיס קרני הריחוש.","A small elongate sea hare (cigar-shaped), 1.5 to 6.5 cm long, translucent brownish with dark longitudinal lines and eye-like spots with pink or blue centres. There is no external shell and the body is covered with simple or branched papillae. It has two pairs of tentacles, with the eyes at the base of the rhinophores.","https://en.wikipedia.org/wiki/Stylocheilus
https://en.wikipedia.org/wiki/Stylocheilus_striatus
https://www.seaslugforum.net/stylstri.htm
https://www.seaslugforum.net/find/styllong"
"Tambja","Tambja הוא סוג של חשופיות דוריד צבעוניות מהמשפחה Polyceridae. הן ניזונות מבריוזואים (bryozoans) ומכילות חומרי הגנה מסוג tambjamines. הסוג כולל מינים מהאינדו-פסיפיק ומהאטלנטי המערבי, וכן מינים מהמזרח האטלנטי והים התיכון כמו T. ceutae. לפי ויקיפדיה יש כ-31 מינים תקפים.","Tambja is a genus of colourful dorid nudibranchs in the family Polyceridae. They feed on bryozoans and produce defensive tambjamine compounds. The genus includes species from the Indo-Pacific and the western Atlantic, and from the eastern Atlantic and Mediterranean such as T. ceutae. Wikipedia gives about 31 valid species.","הסימן הבולט הוא חריץ חושי ייחודי (""lateral slot"") משני צדי הראש, בין קרני הריחוש למחושי הפה, שנראה לעיתים כמו עצם לחי ומבדיל את Tambja מסוגים דומים כמו Nembrotha. הגוף דמוי שבלול חשוף (limaciform), לרוב בגוון כחול-ירוק עם פסים צהובים (למשל T. ceutae) ועם בליטות חרוטיות על הגב; הזימים מסודרים סביב פי הטבעת.","The most distinctive feature is a sensory lateral slot on each side of the head between the rhinophore and the oral tentacle, sometimes resembling a cheekbone, which separates Tambja from similar genera such as Nembrotha. The body is slug-like (limaciform), often blue-green with yellow bands (for example T. ceutae) and with conical bumps on the back; the gills surround the anal papilla.","https://en.wikipedia.org/wiki/Tambja
https://opistobranquis.info/en/guia/doridida/doridoidei/polyceroidea/tambja-ceutae/
https://nudipixel.net/genus/tambja"
"Taringa","Taringa הוא סוג של חשופיות דוריד מהמשפחה Discodorididae. המינים האירופיים חיים בים התיכון ובאטלנטי, ולפחות חלקם נמצאים באזור התת-גאותי הרדוד מתחת לאבנים ועל ספוגים. תזונת הסוג כמעט שאינה ידועה. יש חילוקי דעות נומנקלטוריים: Valdés ו-Gosliner (2001) איחדו את Taringa עם השם הוותיק Aporodoris, אך Taringa נשאר בשימוש רווח.","Taringa is a genus of dorid nudibranchs in the family Discodorididae. The European species live in the Mediterranean and Atlantic, and at least some occur in shallow subtidal habitats under stones and on sponges. The diet of the genus is almost unknown. There is a nomenclatural complication: Valdés & Gosliner (2001) synonymised Taringa with the older name Aporodoris, but Taringa remains in prevailing usage.","גוף שטוח עם מעטפת (mantle) רחבה, מכוסה בליטות גליליות צפופות המכילות ספיקולות, בגוון חום עם כתמים כהים ולבנים. קרני הריחוש בעלות למלות ויש כשישה עלי זימים טריפינטיים (tripinnate). המינים האירופיים דומים מאוד זה לזה, וזיהוים מדויק מחייב בחינה של האנטומיה הפנימית, כולל הרדולה.","A flattened body with a broad mantle densely covered in cylindrical tubercles bearing spicules, brown with dark and white markings. The rhinophores are laminate and there are about six tripinnate gill leaves. The European species are very similar, and reliable identification requires examining internal anatomy, including the radula.","https://en.wikipedia.org/wiki/Taringa_(gastropod)
https://opistobranquis.info/en/guia/nudibranchia/doridina/doridoidei/doridoidea/taringa-faba/
https://opistobranquis.info/en/guia/nudibranchia/doridina/doridoidei/doridoidea/aporodoris-millegrana
https://en.wikipedia.org/wiki/Taringa_armata"
"Tenellia","Tenellia הוא סוג של חשופיות אאוליד (aeolid) קטנות מהמשפחה Trinchesiidae. לפי Korshunova ואחרים (2025) הוא כולל כיום מעט מינים בלבד (T. adspersa, T. gotlandica, T. pallida) לאחר שמינים רבים הועברו לסוגים אחרים. המין הטיפוסי T. adspersa זעיר (עד כ-8 מ""מ), חי במימי חוף רדודים, נמלים ושפכי נהרות באטלנטי, בים הבלטי, בים התיכון ובים השחור, והתפשט לאזורים אחרים, כנראה על גופי ספינות. הוא ניזון מהידרואידים.","Tenellia is a genus of small aeolid nudibranchs in the family Trinchesiidae. According to Korshunova et al. (2025) it now contains only a few species (T. adspersa, T. gotlandica, T. pallida), after many species were moved to other genera. The type species, T. adspersa, is tiny (up to about 8 mm) and lives in shallow coastal waters, harbours and estuaries in the Atlantic, Baltic, Mediterranean and Black Seas, and has spread elsewhere, probably on ship hulls. It feeds on hydroids.","T. adspersa קטנה וצבעה משתנה מצהוב-חיוור וחום עד כמעט שחור, תלוי במזון, עם כתמים כהים קטנים על הגב, הראש והקרטות. קרני הריחוש חלקות וחזקות, והקרטות (cerata) מעטות ומסודרות ב-4 עד 6 קבוצות של 1 עד 3 בכל קבוצה. תיאור זה מתייחס למין הטיפוסי; מאחר שהסוג עבר ארגון מחדש, אין לסמוך על מראה חיצוני בלבד.","T. adspersa is small and varies from pale yellow and brown to nearly black depending on its food, with small dark spots on the back, head and cerata. The rhinophores are smooth and robust, and the cerata are few, in 4 to 6 groups of 1 to 3 each. This describes the type species; since the genus has been reorganised, external appearance alone should not be relied on.","https://en.wikipedia.org/wiki/Tenellia
https://en.wikipedia.org/wiki/Tenellia_adspersa
https://opistobranquis.info/en/guia/nudibranchia/cladobranchia/fionoidea/tenellia-adspersa"
"Thecacera","Thecacera הוא סוג של חשופיות דוריד מהמשפחה Polyceridae (תת-משפחה Polycerinae). המין הטיפוסי T. pennigera נפוץ במים ממוזגים באטלנטי, בים התיכון, ביפן, באוסטרליה ובניו זילנד, וחי עד עומק של כ-36 מ' על בריוזואים ענפיים, שמהם הוא ניזון (בעיקר Bugula). לפי ויקיפדיה הסוג כולל שמונה מינים מתוארים.","Thecacera is a genus of dorid nudibranchs in the family Polyceridae (subfamily Polycerinae). The type species, T. pennigera, is widespread in temperate waters of the Atlantic, the Mediterranean, Japan, Australia and New Zealand, and lives down to about 36 m on branching bryozoans, on which it feeds (mainly Bugula). Wikipedia lists eight described species.","הראש קצר וקהה ללא מחושי פה, עם שתי כנפיים צדדיות; קרני הריחוש (rhinophores) מוקפות בנדן. לפני הזימים (3 עד 5 עלים מסועפים) יש שתי תוספות ארוכות דמויות אלה, בלוטיים, עם קצה לבן, והגוף מצטמצם לאחור. ב-T. pennigera הגוף לבן שקוף עם כתמים כתומים ונקודות שחורות; אורכו עד כ-30 מ""מ.","The head is short and blunt, without oral tentacles, with two lateral flaps; the rhinophores sit in sheaths. Near the gill (3 to 5 branched leaves) there are two long, club-shaped glandular appendages with white tips, and the body tapers toward the rear. In T. pennigera the body is translucent white with orange patches and black dots, up to about 30 mm long.","https://en.wikipedia.org/wiki/Thecacera
https://en.wikipedia.org/wiki/Thecacera_pennigera
https://opistobranquis.info/en/guia/nudibranchia/doridina/doridoidei/polyceroidea/thecacera-pennigera/"
"Thorunna","Thorunna הוא סוג של חשופיות דוריד קטנות מהמשפחה Chromodorididae (תת-משפחה Miamirinae), שנמצא באזור האינדו-מערב-פסיפיק. מינים בסוג רק לעיתים רחוקות גדלים מעל 20 מ""מ. תזונת הסוג אינה מפורטת במקורות שנבדקו, ומינים אחדים שהוגדרו בעבר ב-Thorunna הועברו לסוגים אחרים.","Thorunna is a genus of small dorid nudibranchs in the family Chromodorididae (subfamily Miamirinae), found in the Indo-West Pacific. The species rarely exceed 20 mm. The diet of the genus is not detailed in the sources consulted, and several species once placed in Thorunna have been moved to other genera.","חשופית כרומודורידית זעירה שמניעה (מרעידה) את הזימים שלה בקצב אופייני. בבדיקה פנימית יש לוע (buccal bulb) קטן במיוחד וצינור פה ארוך. ב-T. furtiva צבע כתום עד צהוב-חום מרוכז סביב שולי המעטפת, הזימים וקרני הריחוש.","A tiny chromodorid that characteristically wriggles or vibrates its gills. Internally it has a very small buccal bulb and a very long oral tube. In T. furtiva orange to brownish-yellow colour is concentrated around the mantle border, gills and rhinophores.","https://en.wikipedia.org/wiki/Thorunna
https://seaslugforum.net/find/thorfurt"
"Thuridilla","Thuridilla הוא סוג של סקוגלוסנים (Sacoglossa, ""חשופיות"" יונקות מוהל אצות) מהמשפחה Plakobranchidae. לפי ויקיפדיה יש בו 24 מינים. רוב המינים חיים בשוניות אלמוגים טרופיות באינדו-פסיפיק (כמו T. gracilis מהאוקיינוס השקט המערבי), ואחד מהם, T. hopei, מתואר מהים התיכון. כמו סקוגלוסנים אחרים הם ניזונים מאצות.","Thuridilla is a genus of sacoglossan sea slugs (sap-sucking slugs) in the family Plakobranchidae. Wikipedia lists 24 species. Most live on tropical coral reefs in the Indo-Pacific (such as T. gracilis in the western Pacific), and one, T. hopei, is described from the Mediterranean. Like other sacoglossans they feed on algae.","סקוגלוסנים קטנים, מוארכים וצבעוניים, באורך 10 עד 25 מ""מ, עם פרפודיות (parapodia) בצדי הגוף וקרני ריחוש בולטות וחלקות. בולטת צבעוניות אזהרה: גוף כהה או ירוק עמוק עם 8 עד 10 קווים לבנים אורכיים, ולעיתים כתמים כחולים, ושוליים כתומים בפרפודיות, בראש ובקרני הריחוש (למשל T. gracilis). הצבע משתנה בין אוכלוסיות ובתוך מינים.","Small, elongate, colourful sacoglossans, 10 to 25 mm long, with parapodia along the sides and prominent smooth rhinophores. Warning colours are typical: a dark or deep green body with 8 to 10 fine white longitudinal lines, sometimes blue spots, and orange edges on the parapodia, head and rhinophores (for example T. gracilis). Colour varies between and within populations.","https://en.wikipedia.org/wiki/Thuridilla
https://www.seaslugforum.net/showall/thurgrac
https://en.wikipedia.org/wiki/Thuridilla_gracilis
https://en.wikipedia.org/wiki/Thuridilla_hopei"
"Trapania","Trapania הוא סוג של חשופיות דוריד קטנות מהמשפחה Goniodorididae. לפי Sea Slug Forum הן ניזונות מאנטופרוקטים (entoprocts / kamptozoans), בעלי חיים זעירים על גבעול שמתרכזים בספוגים מסוימים, ולא מהספוגים עצמם. כך נמצא למשל T. hispalensis באזור מצר גיברלטר ובחופי פורטוגל הדרומיים, בעומק של כ-15 מ'.","Trapania is a genus of small dorid nudibranchs in the family Goniodorididae. According to the Sea Slug Forum they feed on entoprocts (kamptozoans), tiny stalked animals that cluster on certain sponges, rather than on the sponges themselves. For example, T. hispalensis is known from the Strait of Gibraltar area and southern Portugal, at about 15 m depth.","הסימן המזהה של הסוג הוא שני זוגות של פפילות צדדיות מתעקלות לאחור ומתחדדות: זוג אחד ליד קרני הריחוש וזוג שני מאחורי הזימים. בקדמת הראש בולטים מחושי פה. הגוף לרוב לבן שקוף, עם צבע צהוב או כתום בקצות הפפילות, מחושי הפה, קרני הריחוש, הזימים והזנב (למשל ב-T. hispalensis).","The key feature of the genus is two pairs of recurved, tapering lateral papillae: one pair beside the rhinophores and one pair just behind the gills. Prominent oral tentacles project from the front of the head. The body is often translucent white, with yellow or orange on the tips of the papillae, oral tentacles, rhinophores, gills and tail (for example in T. hispalensis).","https://en.wikipedia.org/wiki/Trapania
https://seaslugforum.net/find/traphisp
https://nudipixel.net/genus/trapania"
"Tritonia","Tritonia הוא סוג של חשופיות מתת-הסדרה Cladobranchia (קבוצת Dendronotina) מהמשפחה Tritoniidae. בני המשפחה ניזונים מאוקטוקורלים (octocorals) כמו אלמוגים רכים, עטי ים (sea pens) וגורגוניות, ובדרך כלל מחופשים לצורת הטרף שלהם. הסוג כולל מינים קטנים כמו T. striata מהים התיכון המערבי, שניזון מ-Paralcyonium elegans, וגם את T. hombergii מצפון-מערב אירופה שמגיע לכ-20 ס""מ ואוכל אלמוגים רכים כמו Alcyonium digitatum.","Tritonia is a genus of nudibranchs in the suborder Cladobranchia (Dendronotina group), family Tritoniidae. Members of the family feed on octocorals such as soft corals, sea pens and gorgonians, and are usually camouflaged against their prey. The genus includes small species such as T. striata from the western Mediterranean, which feeds on Paralcyonium elegans, and also T. hombergii from northwestern Europe, which reaches about 20 cm and eats soft corals such as Alcyonium digitatum.","הזימים מסודרים בצבירים לאורך שולי המעטפת, בשני צדי הגוף, ולפני הראש יש מסך פה (oral veil) עם פפילות. קרני הריחוש מסועפות. ב-T. striata הגוף שקוף לבן, קצר מ-5 מ""מ, עם שלושה קווים שחורים אורכיים, 4 עד 6 צבירי זימים בכל צד ורכס במעטפת בין הצבירים. T. hombergii גדולה, כתמית בחום-צהוב-כתום, ובמעטפת יש בליטות יבלתיות.","The gills are arranged in clusters along the edge of the mantle on each side, and the head has an oral veil with papillae. The rhinophores are branched. In T. striata the body is translucent white, under 5 mm, with three dark longitudinal lines, 4 to 6 gill clusters on each side and a ridge on the mantle between the clusters. T. hombergii is large and mottled brown, yellow or orange, and its mantle has warty bumps.","https://en.wikipedia.org/wiki/Tritonia_(gastropod)
https://en.wikipedia.org/wiki/Tritoniidae
https://seaslugforum.net/find/tritstri
https://seawater.no/fauna/mollusca/hombergii.html"
"Tubulophilinopsis","Tubulophilinopsis הוא סוג של חשופיות מגן-ראש (headshield slugs, סדרת Cephalaspidea) מהמשפחה Aglajidae; אלה אינן חשופיות אמיתיות. הסוג הוקם ב-2017 על ידי Zamora-Silva ו-Malaquias על סמך מחקר מולקולרי וכולל ארבעה מינים: T. gardineri, T. lineolata, T. pilsbryi ו-T. reticulata. המינים נמצאים באזור האינדו-מערב-פסיפיק. T. lineolata חי על קרקעית חולית טרופית וחופר בה; מזונו אינו מתועד, וב-Aglajidae בכלל מדובר בטורפים של חלזונות אחרים.","Tubulophilinopsis is a genus of headshield slugs (order Cephalaspidea) in the family Aglajidae; they are not true nudibranchs. The genus was established in 2017 by Zamora-Silva and Malaquias following molecular work and includes four species: T. gardineri, T. lineolata, T. pilsbryi and T. reticulata. The species occur in the Indo-West Pacific. T. lineolata lives on tropical sandy bottoms and burrows into them; its prey is not documented, though aglajids in general are predators of other cephalaspideans.","ב-T. lineolata הגוף בינוני (40 עד 50 מ""מ), בגוון חום-חיוור עד אפור עם קווים חומים-כהים דקים וצפופים לרוחב הגב, וגוון כחול-אינדיגו בקצה הקדמי והאחורי של מגן הגב. על הראש יש בליטה שמכילה בולבוס פה (buccal bulb) צינורי ארוך. מאפיין זה, וקונכייה פנימית קטנה ושטוחה, מופיעים בתיאור המין, והמקורות שנבדקו אינם נותנים אבחנה חיצונית כללית לסוג.","In T. lineolata the body is mid-sized (40 to 50 mm), pale brown to grey with numerous fine dark brown transverse lines across the back, and indigo tinting at the front and rear tips of the shield. A bump on the head houses a long tubular buccal bulb, and the internal shell is small and flat. These features come from the species description; the sources consulted give no general external diagnosis for the genus.","https://en.wikipedia.org/wiki/Tubulophilinopsis
https://biodiversity.org.au/afd/taxa/Tubulophilinopsis
https://en.seaslug.world/species/tubulophilinopsis_lineolata"
"Unidentia","Unidentia הוא סוג של חשופיות אאוליד (aeolid) שהוקם ב-2012. הוא מוצב במשפחה Unidentiidae, שנחשבת כיום בחלק מהמקורות לשם נרדף זוטר של Piseinotecidae. המינים נמצאים במזרח האוקיינוס השקט הטרופי (מקסיקו עד פנמה) ובאינדו-פסיפיק, ניזונים מהידרואידים (למשל Corydendrium parasiticum) ומאחסנים תאי עוקצנים מהטרף.","Unidentia is a genus of aeolid nudibranchs established in 2012. It is placed in the family Unidentiidae, which some sources now treat as a junior synonym of Piseinotecidae. The species occur in the tropical eastern Pacific (Mexico to Panama) and the Indo-Pacific, feed on hydroids (for example Corydendrium parasiticum) and store stinging cells from their prey.","גוף מוארך עם קרטות (cerata) אצבעיות דקות המסודרות בשורות מוגבהות ולא בקשתות, קרני ריחוש חלקות (בלי פפילות) ומחושי פה באורך דומה. ב-U. angelvaldesi יש שלושה פסים סגולים אורכיים על גוף שקוף-ורדרד או לבנבן, ולבן בין שורות הקרטות. תכונות אלה מבדילות אותו ממינים דומים כמו Flabellina rubrolineata.","An elongate body with slender finger-like cerata arranged in raised rows rather than arches, smooth rhinophores (not papillate) and oral tentacles of similar length. In U. angelvaldesi three purple longitudinal lines run along a translucent pinkish or whitish body, with white patches between the ceratal rows. These features separate it from similar species such as Flabellina rubrolineata.","https://en.wikipedia.org/wiki/Unidentia
https://en.wikipedia.org/wiki/Unidentiidae
https://en.seaslug.world/categories/737
https://en.seaslug.world/species/unidentia_angelvaldesi"
"Verconia","Verconia הוא סוג של חשופיות דוריד מהמשפחה Chromodorididae. בעבר שולבו מינים שלו תחת Noumea, ולפי Australian Faunal Directory השם Noumea הוא הומונים זוטר ו-Verconia הוא השם התקף. מינים נמצאים באוסטרליה, ו-V. sudanica מוגבל לים סוף. לפי ויקיפדיה, מארחי הספוגים של המינים הם מהסוגים Darwinella ו-Dendrilla.","Verconia is a genus of dorid nudibranchs in the family Chromodorididae. Species were formerly placed under Noumea; according to the Australian Faunal Directory, Noumea is a junior homonym and Verconia is the accepted name. Species occur in Australian waters, and V. sudanica is endemic to the Red Sea. According to Wikipedia, the host sponges of its species belong to the genera Darwinella and Dendrilla.","חשופיות כרומודורידיות קטנות, לרוב לבנות. ב-V. sudanica (15 עד 20 מ""מ) הגב לבן עם שקעים ושוליים צהובים צרים, תשעה זימים פשוטים ולבנים, ותשע עד אחת עשרה למלות על קרני הריחוש. אין בידי המקורות אבחנה חיצונית ברורה של הסוג מול כרומודורידים לבנים דומים.","Small chromodorids, often white. In V. sudanica (15 to 20 mm) the back is white with pits and a narrow yellow margin, with nine simple white gill plumes and nine to eleven lamellae on the rhinophores. The sources do not give a clear external diagnosis separating the genus from similar white chromodorids.","https://biodiversity.org.au/afd/taxa/Noumea
https://species-id.net/wiki/Verconia_sudanica
https://en.wikipedia.org/wiki/Verconia"
